,date,time,barkTemp (K),coreTemp (K)
0,2021-02-15,12:00:48,300.03,300.39
1,2021-02-15,12:07:01,300.03,300.39
2,2021-02-15,12:10:10,300.03,300.39
3,2021-02-15,12:13:18,300.03,300.37
4,2021-02-15,12:19:36,300.03,300.39
5,2021-02-15,12:22:44,300.03,300.39
6,2021-02-15,12:29:02,300.03,300.35
7,2021-02-15,12:32:10,300.03,300.37
8,2021-02-15,12:35:19,300.03,300.39
9,2021-02-15,12:38:27,300.03,300.33
10,2021-02-15,12:41:36,300.03,300.37
11,2021-02-15,12:44:44,300.03,300.35
12,2021-02-15,12:47:59,300.03,300.37
13,2021-02-15,12:51:02,300.05,300.37
14,2021-02-15,12:54:10,300.03,300.37
15,2021-02-15,12:57:19,300.07,300.33
16,2021-02-15,1:00:27,300.07,300.33
17,2021-02-15,1:03:36,300.09,300.35
18,2021-02-15,1:06:44,300.09,300.33
19,2021-02-15,1:09:53,300.09,300.35
20,2021-02-15,1:13:01,300.13,300.31
21,2021-02-15,1:16:10,300.13,300.33
22,2021-02-15,1:19:18,300.15,300.31
23,2021-02-15,1:25:35,300.15,300.29
24,2021-02-15,1:31:52,300.13,300.31
25,2021-02-15,1:38:09,300.13,300.31
26,2021-02-15,1:41:18,300.13,300.33
27,2021-02-15,1:44:26,300.09,300.33
28,2021-02-15,1:47:34,300.09,300.31
29,2021-02-15,1:50:43,300.09,300.26
30,2021-02-15,1:53:52,300.09,300.26
31,2021-02-15,1:57:00,300.09,300.24
32,2021-02-15,2:00:09,300.11,300.26
33,2021-02-15,2:03:18,300.13,300.24
34,2021-02-15,2:09:35,300.15,300.24
35,2021-02-15,2:12:43,300.15,300.24
36,2021-02-15,2:15:52,300.15,300.22
37,2021-02-15,2:19:01,300.17,300.24
38,2021-02-15,2:22:09,300.15,300.2
39,2021-02-15,2:28:26,300.09,300.22
40,2021-02-15,2:31:35,300.09,300.2
41,2021-02-15,2:34:44,300.09,300.2
42,2021-02-15,2:37:52,300.09,300.18
43,2021-02-15,2:41:01,300.09,300.22
44,2021-02-15,2:44:10,300.09,300.26
45,2021-02-15,2:47:19,300.11,300.22
46,2021-02-15,2:50:27,300.15,300.24
47,2021-02-15,2:53:36,300.15,300.22
48,2021-02-15,2:56:45,300.21,300.2
49,2021-02-15,2:59:54,300.23,300.2
50,2021-02-15,3:03:02,300.27,300.2
51,2021-02-15,3:06:11,300.27,300.2
52,2021-02-15,3:09:20,300.27,300.2
53,2021-02-15,3:12:28,300.27,300.2
54,2021-02-15,3:15:38,300.25,300.24
55,2021-02-15,3:18:46,300.21,300.22
56,2021-02-15,3:21:54,300.25,300.22
57,2021-02-15,3:28:12,300.34,300.2
58,2021-02-15,3:31:20,300.4,300.16
59,2021-02-15,3:34:29,300.42,300.18
60,2021-02-15,3:37:38,300.46,300.14
61,2021-02-15,3:40:46,300.46,300.16
62,2021-02-15,3:43:55,300.53,300.16
63,2021-02-15,3:50:12,300.59,300.14
64,2021-02-15,3:53:20,300.63,300.18
65,2021-02-15,3:59:37,300.71,300.14
66,2021-02-15,4:02:45,300.75,300.1
67,2021-02-15,4:09:03,300.84,300.14
68,2021-02-15,4:12:11,300.84,300.1
69,2021-02-15,4:15:19,300.88,300.12
70,2021-02-15,4:18:27,300.9,300.1
71,2021-02-15,4:21:36,300.9,300.14
72,2021-02-15,4:24:44,300.9,300.12
73,2021-02-15,4:27:53,300.96,300.12
74,2021-02-15,4:31:01,301,300.12
75,2021-02-15,4:34:09,301.03,300.12
76,2021-02-15,4:37:17,301.09,300.14
77,2021-02-15,4:40:26,301.13,300.14
78,2021-02-15,4:43:34,301.15,300.1
79,2021-02-15,4:46:42,301.21,300.1
80,2021-02-15,4:49:50,301.21,300.08
81,2021-02-15,4:52:58,301.25,300.1
82,2021-02-15,4:56:07,301.3,300.12
83,2021-02-15,4:59:15,301.32,300.12
84,2021-02-15,5:02:23,301.34,300.08
85,2021-02-15,5:05:31,301.36,300.06
86,2021-02-15,5:14:55,301.4,300.08
87,2021-02-15,5:18:03,301.4,300.08
88,2021-02-15,5:21:11,301.46,300.04
89,2021-02-15,5:24:19,301.53,300.06
90,2021-02-15,5:27:27,301.53,300.04
91,2021-02-15,5:30:35,301.59,300.1
92,2021-02-15,5:33:43,301.59,300.06
93,2021-02-15,5:36:51,301.65,300.08
94,2021-02-15,5:39:59,301.65,300.01
95,2021-02-15,5:43:06,301.71,300.08
96,2021-02-15,5:46:14,301.75,300.08
97,2021-02-15,5:49:22,301.77,300.04
98,2021-02-15,5:52:30,301.82,300.01
99,2021-02-15,5:55:37,301.84,300.01
100,2021-02-15,5:58:45,301.88,300.01
101,2021-02-15,6:01:53,301.9,300.01
102,2021-02-15,6:05:01,301.92,300.01
103,2021-02-15,6:08:08,301.96,300.04
104,2021-02-15,6:11:16,302,299.97
105,2021-02-15,6:14:24,302.03,300.01
106,2021-02-15,6:17:32,302.07,299.97
107,2021-02-15,6:20:39,302.09,299.99
108,2021-02-15,6:23:47,302.15,300.04
109,2021-02-15,8:16:17,303.15,300.22
110,2021-02-15,8:19:25,303.19,300.24
111,2021-02-15,8:22:32,303.21,300.26
112,2021-02-15,8:25:40,303.21,300.26
113,2021-02-15,8:35:03,303.27,300.33
114,2021-02-15,8:38:10,303.23,300.33
115,2021-02-15,8:41:17,303.23,300.37
116,2021-02-15,8:44:25,303.25,300.33
117,2021-02-15,8:50:40,303.3,300.39
118,2021-02-15,8:53:48,303.34,300.39
119,2021-02-15,8:56:55,303.34,300.41
120,2021-02-15,9:00:03,303.4,300.39
121,2021-02-15,9:03:10,303.4,300.41
122,2021-02-15,9:06:18,303.4,300.45
123,2021-02-15,9:09:25,303.38,300.45
124,2021-02-15,9:12:33,303.36,300.45
125,2021-02-15,9:15:40,303.34,300.45
126,2021-02-15,9:18:48,303.34,300.47
127,2021-02-15,9:21:56,303.34,300.47
128,2021-02-15,9:25:03,303.34,300.47
129,2021-02-15,9:28:11,303.34,300.49
130,2021-02-15,9:31:18,303.3,300.49
131,2021-02-15,9:34:26,303.25,300.47
132,2021-02-15,9:43:50,303.15,300.56
133,2021-02-15,9:46:57,303.15,300.56
134,2021-02-15,9:50:05,303.15,300.58
135,2021-02-15,9:56:21,303.09,300.6
136,2021-02-15,9:59:29,303.09,300.62
137,2021-02-15,10:02:36,303.09,300.64
138,2021-02-15,10:05:44,303.09,300.58
139,2021-02-15,10:08:52,303.09,300.6
140,2021-02-15,10:15:08,303.09,300.62
141,2021-02-15,10:18:15,303.09,300.64
142,2021-02-15,10:21:23,303.15,300.66
143,2021-02-15,10:24:31,303.15,300.64
144,2021-02-15,10:27:39,303.13,300.68
145,2021-02-15,10:30:46,303.15,300.68
146,2021-02-15,10:33:54,303.15,300.7
147,2021-02-15,10:40:10,303.15,300.72
148,2021-02-15,10:43:18,303.13,300.7
149,2021-02-15,10:49:33,303.09,300.72
150,2021-02-15,10:52:41,303.09,300.74
151,2021-02-15,10:55:49,303.09,300.74
152,2021-02-15,10:58:56,303.09,300.7
153,2021-02-15,11:02:04,303.09,300.74
154,2021-02-15,11:05:12,303.09,300.79
155,2021-02-15,11:08:20,303.09,300.79
156,2021-02-15,11:11:28,303.09,300.81
157,2021-02-15,11:14:35,303.09,300.79
158,2021-02-15,11:17:43,303.03,300.79
159,2021-02-15,11:20:51,303.03,300.83
160,2021-02-15,11:23:59,302.98,300.79
161,2021-02-15,11:27:06,302.96,300.83
162,2021-02-15,11:36:30,302.9,300.83
163,2021-02-15,11:39:38,302.84,300.89
164,2021-02-15,11:42:46,302.84,300.83
165,2021-02-15,11:45:54,302.82,300.81
166,2021-02-15,11:49:02,302.77,300.83
167,2021-02-15,11:52:10,302.77,300.85
168,2021-02-15,11:55:18,302.71,300.87
169,2021-02-15,11:58:26,302.71,300.85
170,2021-02-15,12:01:34,302.69,300.83
171,2021-02-15,12:04:42,302.65,300.85
172,2021-02-15,12:07:50,302.65,300.85
173,2021-02-15,12:10:58,302.63,300.89
174,2021-02-15,12:14:06,302.61,300.85
175,2021-02-15,12:17:14,302.59,300.89
176,2021-02-15,12:20:22,302.55,300.85
177,2021-02-15,12:23:30,302.53,300.87
178,2021-02-15,12:26:39,302.53,300.91
179,2021-02-15,12:32:55,302.46,300.87
180,2021-02-15,12:36:03,302.46,300.89
181,2021-02-15,12:39:11,302.4,300.93
182,2021-02-15,12:42:19,302.4,300.93
183,2021-02-15,12:45:27,302.36,300.97
184,2021-02-15,12:51:43,302.32,301.01
185,2021-02-15,12:58:00,302.27,300.95
186,2021-02-15,1:01:08,302.25,300.95
187,2021-02-15,1:04:16,302.21,300.97
188,2021-02-15,1:10:32,302.17,300.97
189,2021-02-15,1:13:41,302.15,301.01
190,2021-02-15,1:16:49,302.15,300.97
191,2021-02-15,1:26:13,302.09,301.06
192,2021-02-15,1:29:22,302.09,301.04
193,2021-02-15,1:32:39,302.07,301.04
194,2021-02-15,1:35:38,302.03,301.08
195,2021-02-15,1:38:46,302.03,301.06
196,2021-02-15,1:41:54,302,301.08
197,2021-02-15,1:45:03,301.96,301.06
198,2021-02-15,1:48:11,301.96,301.06
199,2021-02-15,1:51:19,301.94,301.06
200,2021-02-15,1:54:27,301.94,301.06
201,2021-02-15,1:57:35,301.9,301.08
202,2021-02-15,2:00:44,301.9,301.08
203,2021-02-15,2:03:52,301.88,301.08
204,2021-02-15,2:07:00,301.84,301.1
205,2021-02-15,2:10:08,301.84,301.1
206,2021-02-15,2:16:25,301.82,301.1
207,2021-02-15,2:22:41,301.77,301.12
208,2021-02-15,2:25:50,301.77,301.12
209,2021-02-15,2:28:58,301.73,301.12
210,2021-02-15,2:32:06,301.71,301.14
211,2021-02-15,2:35:14,301.71,301.14
212,2021-02-15,2:38:23,301.69,301.14
213,2021-02-15,2:41:31,301.69,301.14
214,2021-02-15,2:47:47,301.65,301.12
215,2021-02-15,2:50:56,301.65,301.14
216,2021-02-15,2:54:04,301.65,301.14
217,2021-02-15,2:57:12,301.63,301.12
218,2021-02-15,3:00:21,301.59,301.14
219,2021-02-15,3:03:29,301.59,301.14
220,2021-02-15,3:06:37,301.59,301.1
221,2021-02-15,3:09:46,301.59,301.14
222,2021-02-15,3:12:54,301.57,301.14
223,2021-02-15,3:16:02,301.55,301.16
224,2021-02-15,3:19:11,301.53,301.12
225,2021-02-15,3:25:27,301.53,301.14
226,2021-02-15,3:28:35,301.5,301.16
227,2021-02-15,3:31:44,301.48,301.1
228,2021-02-15,3:34:52,301.46,301.14
229,2021-02-15,3:38:00,301.46,301.14
230,2021-02-15,3:44:17,301.44,301.12
231,2021-02-15,3:47:25,301.44,301.12
232,2021-02-15,3:50:33,301.4,301.16
233,2021-02-15,3:53:42,301.4,301.16
234,2021-02-15,3:56:50,301.4,301.14
235,2021-02-15,3:59:58,301.4,301.12
236,2021-02-15,4:03:07,301.38,301.12
237,2021-02-15,4:06:15,301.38,301.14
238,2021-02-15,4:09:34,301.34,301.14
239,2021-02-15,4:12:32,301.34,301.14
240,2021-02-15,4:15:40,301.34,301.14
241,2021-02-15,4:18:49,301.34,301.14
242,2021-02-15,4:21:57,301.32,301.14
243,2021-02-15,4:25:05,301.3,301.16
244,2021-02-15,4:28:13,301.27,301.14
245,2021-02-15,4:31:22,301.27,301.14
246,2021-02-15,4:34:30,301.27,301.14
247,2021-02-15,4:37:38,301.27,301.14
248,2021-02-15,4:40:47,301.27,301.12
249,2021-02-15,4:43:55,301.27,301.16
250,2021-02-15,4:47:04,301.23,301.12
251,2021-02-15,4:50:12,301.23,301.12
252,2021-02-15,4:53:20,301.23,301.12
253,2021-02-15,4:56:28,301.21,301.16
254,2021-02-15,5:02:45,301.21,301.12
255,2021-02-15,5:05:53,301.21,301.14
256,2021-02-15,5:09:02,301.19,301.12
257,2021-02-15,5:12:10,301.17,301.1
258,2021-02-15,5:21:35,301.15,301.1
259,2021-02-15,5:27:52,301.15,301.14
260,2021-02-15,5:31:01,301.15,301.08
261,2021-02-15,5:34:09,301.15,301.14
262,2021-02-15,5:37:17,301.15,301.1
263,2021-02-15,5:40:26,301.11,301.14
264,2021-02-15,5:43:34,301.13,301.12
265,2021-02-15,5:46:42,301.09,301.12
266,2021-02-15,5:49:51,301.09,301.12
267,2021-02-15,5:52:59,301.09,301.1
268,2021-02-15,5:56:07,301.09,301.14
269,2021-02-15,5:59:16,301.07,301.14
270,2021-02-15,6:02:24,301.07,301.12
271,2021-02-15,6:05:33,301.05,301.12
272,2021-02-15,6:08:41,301.05,301.08
273,2021-02-15,6:11:49,301.05,301.1
274,2021-02-15,6:14:58,301.03,301.1
275,2021-02-15,6:18:06,301.03,301.1
276,2021-02-15,6:24:23,301.03,301.08
277,2021-02-15,6:27:31,301.03,301.12
278,2021-02-15,6:30:39,301.03,301.06
279,2021-02-15,6:36:56,301,301.01
280,2021-02-15,6:40:05,300.98,301.06
281,2021-02-15,6:43:13,300.96,301.06
282,2021-02-15,6:46:21,300.96,301.08
283,2021-02-15,6:49:30,300.96,301.08
284,2021-02-15,6:58:55,300.96,301.04
285,2021-02-15,7:02:03,300.96,301.04
286,2021-02-15,7:05:12,300.96,301.01
287,2021-02-15,7:08:20,300.9,301.04
288,2021-02-15,7:11:29,300.9,301.01
289,2021-02-15,7:14:37,300.9,301.01
290,2021-02-15,7:17:46,300.9,301.01
291,2021-02-15,7:20:54,300.86,301.01
292,2021-02-15,7:24:02,300.84,300.97
293,2021-02-15,7:27:11,300.84,300.99
294,2021-02-15,7:30:19,300.84,301.01
295,2021-02-15,7:33:28,300.84,300.99
296,2021-02-15,7:36:36,300.84,300.95
297,2021-02-15,7:42:53,300.82,300.99
298,2021-02-15,7:46:02,300.8,300.99
299,2021-02-15,7:49:10,300.77,301.01
300,2021-02-15,7:52:19,300.77,301.01
301,2021-02-15,7:55:27,300.71,301.01
302,2021-02-15,7:58:36,300.67,300.97
303,2021-02-15,8:01:45,300.65,301.01
304,2021-02-15,8:04:53,300.65,300.99
305,2021-02-15,8:08:02,300.65,300.97
306,2021-02-15,8:11:11,300.65,300.93
307,2021-02-15,8:14:19,300.63,300.97
308,2021-02-15,8:17:28,300.61,300.95
309,2021-02-15,8:20:36,300.59,300.95
310,2021-02-15,8:26:54,300.59,300.95
311,2021-02-15,8:30:04,300.59,300.99
312,2021-02-15,8:36:20,300.53,300.97
313,2021-02-15,8:42:38,300.53,300.95
314,2021-02-15,8:48:55,300.5,300.97
315,2021-02-15,8:52:04,300.48,300.97
316,2021-02-15,8:55:12,300.48,300.89
317,2021-02-15,8:58:21,300.46,300.89
318,2021-02-15,9:01:29,300.46,300.89
319,2021-02-15,9:04:38,300.46,300.89
320,2021-02-15,9:10:55,300.44,300.87
321,2021-02-15,9:14:04,300.46,300.87
322,2021-02-15,9:17:13,300.44,300.87
323,2021-02-15,9:20:21,300.4,300.89
324,2021-02-15,9:23:30,300.4,300.87
325,2021-02-15,9:26:39,300.4,300.89
326,2021-02-15,9:29:47,300.4,300.85
327,2021-02-15,9:32:56,300.4,300.87
328,2021-02-15,9:36:04,300.4,300.87
329,2021-02-15,9:39:13,300.4,300.89
330,2021-02-15,9:42:21,300.4,300.89
331,2021-02-15,9:45:30,300.4,300.87
332,2021-02-15,9:48:39,300.4,300.83
333,2021-02-15,9:51:47,300.38,300.83
334,2021-02-15,9:54:56,300.36,300.83
335,2021-02-15,9:58:04,300.34,300.85
336,2021-02-15,10:01:13,300.34,300.81
337,2021-02-15,10:04:21,300.34,300.83
338,2021-02-15,10:10:39,300.34,300.83
339,2021-02-15,10:13:47,300.34,300.81
340,2021-02-15,10:16:56,300.34,300.83
341,2021-02-15,10:23:13,300.32,300.76
342,2021-02-15,10:26:21,300.3,300.85
343,2021-02-15,10:29:30,300.27,300.81
344,2021-02-15,10:32:39,300.27,300.72
345,2021-02-15,10:35:47,300.27,300.79
346,2021-02-15,10:38:56,300.27,300.76
347,2021-02-15,10:42:04,300.27,300.74
348,2021-02-15,10:45:13,300.27,300.76
349,2021-02-15,10:48:22,300.27,300.74
350,2021-02-15,10:51:30,300.27,300.72
351,2021-02-15,10:54:39,300.27,300.74
352,2021-02-15,10:57:47,300.25,300.7
353,2021-02-15,11:04:05,300.23,300.66
354,2021-02-15,11:07:13,300.23,300.7
355,2021-02-15,11:10:22,300.23,300.72
356,2021-02-15,11:13:30,300.21,300.7
357,2021-02-15,11:19:47,300.21,300.7
358,2021-02-15,11:22:56,300.21,300.64
359,2021-02-15,11:26:04,300.21,300.7
360,2021-02-15,11:29:13,300.21,300.66
361,2021-02-15,11:32:22,300.21,300.7
362,2021-02-15,11:38:39,300.21,300.7
363,2021-02-15,11:41:47,300.21,300.66
364,2021-02-15,11:48:04,300.23,300.62
365,2021-02-15,11:54:22,300.21,300.66
366,2021-02-15,11:57:30,300.23,300.64
367,2021-02-16,12:00:39,300.21,300.64
368,2021-02-16,12:03:47,300.21,300.66
369,2021-02-16,12:06:56,300.21,300.64
370,2021-02-16,12:10:04,300.21,300.64
371,2021-02-16,12:13:13,300.21,300.62
372,2021-02-16,12:16:21,300.21,300.62
373,2021-02-16,12:19:30,300.21,300.64
374,2021-02-16,12:22:38,300.21,300.64
375,2021-02-16,12:25:47,300.21,300.6
376,2021-02-16,12:28:55,300.21,300.58
377,2021-02-16,12:32:04,300.21,300.64
378,2021-02-16,12:38:21,300.21,300.56
379,2021-02-16,12:41:30,300.21,300.58
380,2021-02-16,12:44:38,300.21,300.51
381,2021-02-16,12:47:47,300.21,300.54
382,2021-02-16,12:50:55,300.21,300.56
383,2021-02-16,12:54:04,300.21,300.54
384,2021-02-16,12:57:12,300.21,300.51
385,2021-02-16,1:00:21,300.21,300.51
386,2021-02-16,1:03:29,300.25,300.56
387,2021-02-16,1:06:38,300.25,300.56
388,2021-02-16,1:09:46,300.27,300.51
389,2021-02-16,1:12:55,300.27,300.49
390,2021-02-16,1:16:03,300.27,300.51
391,2021-02-16,1:19:12,300.27,300.45
392,2021-02-16,1:22:20,300.27,300.47
393,2021-02-16,1:25:29,300.32,300.47
394,2021-02-16,1:31:45,300.34,300.45
395,2021-02-16,1:34:50,300.38,300.49
396,2021-02-16,1:37:58,300.4,300.41
397,2021-02-16,1:41:07,300.4,300.45
398,2021-02-16,1:44:15,300.44,300.47
399,2021-02-16,1:47:23,300.46,300.47
400,2021-02-16,1:50:32,300.46,300.45
401,2021-02-16,1:53:40,300.53,300.43
402,2021-02-16,1:56:49,300.55,300.45
403,2021-02-16,1:59:57,300.57,300.39
404,2021-02-16,2:03:05,300.59,300.47
405,2021-02-16,2:06:14,300.63,300.43
406,2021-02-16,2:09:22,300.65,300.41
407,2021-02-16,2:12:30,300.67,300.39
408,2021-02-16,2:15:38,300.69,300.45
409,2021-02-16,2:18:46,300.73,300.41
410,2021-02-16,2:21:55,300.77,300.39
411,2021-02-16,2:25:03,300.77,300.41
412,2021-02-16,2:31:19,300.84,300.39
413,2021-02-16,2:34:27,300.84,300.43
414,2021-02-16,2:37:35,300.86,300.43
415,2021-02-16,2:40:44,300.9,300.45
416,2021-02-16,2:43:52,300.94,300.45
417,2021-02-16,2:50:08,301.03,300.41
418,2021-02-16,2:53:16,301.03,300.39
419,2021-02-16,2:56:24,301.09,300.39
420,2021-02-16,2:59:32,301.15,300.39
421,2021-02-16,3:02:40,301.17,300.41
422,2021-02-16,3:05:48,301.21,300.37
423,2021-02-16,3:08:56,301.27,300.39
424,2021-02-16,3:12:04,301.3,300.39
425,2021-02-16,3:15:12,301.34,300.37
426,2021-02-16,3:18:20,301.4,300.39
427,2021-02-16,3:21:28,301.4,300.35
428,2021-02-16,3:24:36,301.46,300.37
429,2021-02-16,3:27:43,301.46,300.39
430,2021-02-16,3:30:51,301.53,300.33
431,2021-02-16,3:33:59,301.59,300.33
432,2021-02-16,3:37:07,301.61,300.33
433,2021-02-16,3:40:15,301.65,300.39
434,2021-02-16,3:43:22,301.69,300.33
435,2021-02-16,3:46:30,301.71,300.31
436,2021-02-16,3:49:38,301.73,300.31
437,2021-02-16,3:52:46,301.77,300.29
438,2021-02-16,3:55:54,301.8,300.33
439,2021-02-16,3:59:01,301.84,300.33
440,2021-02-16,4:02:09,301.9,300.31
441,2021-02-16,4:08:25,301.96,300.33
442,2021-02-16,4:11:32,302.03,300.35
443,2021-02-16,4:14:40,302.07,300.33
444,2021-02-16,4:20:55,302.15,300.33
445,2021-02-16,4:24:02,302.15,300.29
446,2021-02-16,4:27:09,302.21,300.35
447,2021-02-16,4:30:16,302.27,300.33
448,2021-02-16,4:33:24,302.32,300.35
449,2021-02-16,4:36:31,302.34,300.33
450,2021-02-16,4:45:53,302.46,300.35
451,2021-02-16,4:49:00,302.53,300.39
452,2021-02-16,4:52:08,302.53,300.35
453,2021-02-16,4:55:15,302.59,300.37
454,2021-02-16,5:04:37,302.71,300.33
455,2021-02-16,5:07:45,302.71,300.39
456,2021-02-16,5:10:52,302.77,300.37
457,2021-02-16,5:13:59,302.82,300.43
458,2021-02-16,5:17:07,302.84,300.43
459,2021-02-16,5:20:14,302.9,300.45
460,2021-02-16,5:23:22,302.88,300.49
461,2021-02-16,5:26:29,302.9,300.45
462,2021-02-16,5:29:36,302.9,300.47
463,2021-02-16,5:32:43,302.92,300.49
464,2021-02-16,5:35:50,302.96,300.47
465,2021-02-16,5:42:04,303.05,300.54
466,2021-02-16,5:45:11,303.03,300.56
467,2021-02-16,5:48:19,303.09,300.51
468,2021-02-16,5:51:26,303.07,300.62
469,2021-02-16,5:54:33,303.09,300.6
470,2021-02-16,5:57:40,303.09,300.58
471,2021-02-16,6:00:48,303.15,300.62
472,2021-02-16,6:03:55,303.17,300.62
473,2021-02-16,6:07:02,303.21,300.6
474,2021-02-16,6:10:09,303.21,300.62
475,2021-02-16,6:13:16,303.25,300.62
476,2021-02-16,6:16:23,303.3,300.72
477,2021-02-16,6:19:30,303.3,300.68
478,2021-02-16,6:22:37,303.34,300.68
479,2021-02-16,6:25:44,303.38,300.66
480,2021-02-16,6:28:52,303.38,300.74
481,2021-02-16,6:35:06,303.4,300.72
482,2021-02-16,6:38:09,303.46,300.74
483,2021-02-16,6:41:17,303.46,300.74
484,2021-02-16,6:47:31,303.5,300.83
485,2021-02-16,6:50:38,303.53,300.81
486,2021-02-16,6:53:46,303.55,300.81
487,2021-02-16,6:56:53,303.53,300.83
488,2021-02-16,7:00:00,303.53,300.85
489,2021-02-16,7:03:07,303.48,300.87
490,2021-02-16,7:06:15,303.5,300.85
491,2021-02-16,7:09:22,303.46,300.87
492,2021-02-16,7:12:29,303.5,300.91
493,2021-02-16,7:15:36,303.53,300.93
494,2021-02-16,7:21:51,303.65,300.89
495,2021-02-16,7:24:58,303.65,300.93
496,2021-02-16,7:28:05,303.69,300.97
497,2021-02-16,7:31:13,303.67,300.91
498,2021-02-16,7:34:20,303.71,300.97
499,2021-02-16,7:37:27,303.71,300.95
500,2021-02-16,7:40:34,303.73,300.95
501,2021-02-16,7:43:41,303.75,301.01
502,2021-02-16,7:46:49,303.71,301.01
503,2021-02-16,7:49:56,303.75,301.01
504,2021-02-16,7:53:03,303.77,301.04
505,2021-02-16,7:56:10,303.84,301.01
506,2021-02-16,7:59:18,303.82,301.08
507,2021-02-16,8:05:32,303.82,301.08
508,2021-02-16,8:08:40,303.84,301.1
509,2021-02-16,8:11:47,303.82,301.1
510,2021-02-16,8:24:15,303.96,301.12
511,2021-02-16,8:27:23,303.96,301.14
512,2021-02-16,8:30:30,303.96,301.14
513,2021-02-16,8:33:37,303.96,301.12
514,2021-02-16,8:36:44,304.03,301.12
515,2021-02-16,8:39:51,304.03,301.16
516,2021-02-16,8:42:59,304.07,301.18
517,2021-02-16,8:46:06,304.03,301.16
518,2021-02-16,8:49:13,304.09,301.16
519,2021-02-16,8:52:20,304.09,301.2
520,2021-02-16,8:55:28,304.11,301.14
521,2021-02-16,9:04:49,304.17,301.2
522,2021-02-16,9:07:56,304.15,301.2
523,2021-02-16,9:11:04,304.15,301.22
524,2021-02-16,9:14:11,304.15,301.2
525,2021-02-16,9:17:18,304.09,301.24
526,2021-02-16,9:20:26,304.07,301.22
527,2021-02-16,9:29:48,304.09,301.22
528,2021-02-16,9:32:55,304.09,301.24
529,2021-02-16,9:36:02,304.09,301.26
530,2021-02-16,9:39:10,304.09,301.29
531,2021-02-16,9:42:17,304.13,301.31
532,2021-02-16,9:45:24,304.11,301.31
533,2021-02-16,9:48:32,304.11,301.33
534,2021-02-16,9:51:39,304.09,301.33
535,2021-02-16,9:57:54,304.05,301.31
536,2021-02-16,10:01:01,304.03,301.33
537,2021-02-16,10:04:09,303.98,301.35
538,2021-02-16,10:07:16,303.9,301.35
539,2021-02-16,10:10:24,303.88,301.39
540,2021-02-16,10:13:31,303.84,301.39
541,2021-02-16,10:16:39,303.84,301.43
542,2021-02-16,10:19:46,303.84,301.39
543,2021-02-16,10:22:54,303.77,301.35
544,2021-02-16,10:26:01,303.77,301.45
545,2021-02-16,10:29:09,303.77,301.43
546,2021-02-16,10:32:17,303.71,301.45
547,2021-02-16,10:35:24,303.71,301.47
548,2021-02-16,10:38:32,303.71,301.45
549,2021-02-16,10:41:39,303.69,301.45
550,2021-02-16,10:44:47,303.71,301.47
551,2021-02-16,10:47:54,303.65,301.45
552,2021-02-16,10:51:02,303.63,301.51
553,2021-02-16,10:54:10,303.59,301.51
554,2021-02-16,10:57:17,303.57,301.49
555,2021-02-16,11:00:25,303.53,301.54
556,2021-02-16,11:03:32,303.48,301.47
557,2021-02-16,11:06:40,303.5,301.58
558,2021-02-16,11:09:48,303.46,301.51
559,2021-02-16,11:12:55,303.42,301.51
560,2021-02-16,11:16:03,303.4,301.54
561,2021-02-16,11:19:13,303.38,301.58
562,2021-02-16,11:22:18,303.36,301.56
563,2021-02-16,11:25:26,303.36,301.58
564,2021-02-16,11:28:34,303.34,301.56
565,2021-02-16,11:31:42,303.3,301.58
566,2021-02-16,11:34:49,303.27,301.58
567,2021-02-16,11:37:57,303.21,301.58
568,2021-02-16,11:41:05,303.21,301.6
569,2021-02-16,11:44:13,303.21,301.62
570,2021-02-16,11:47:20,303.15,301.66
571,2021-02-16,11:50:28,303.15,301.64
572,2021-02-16,11:53:36,303.13,301.64
573,2021-02-16,11:56:44,303.09,301.64
574,2021-02-16,11:59:52,303.03,301.66
575,2021-02-16,12:02:59,303.03,301.68
576,2021-02-16,12:06:07,303,301.7
577,2021-02-16,12:09:15,302.96,301.7
578,2021-02-16,12:12:23,302.94,301.7
579,2021-02-16,12:15:31,302.9,301.72
580,2021-02-16,12:18:39,302.84,301.7
581,2021-02-16,12:21:47,302.84,301.7
582,2021-02-16,12:24:55,302.77,301.7
583,2021-02-16,12:28:03,302.77,301.74
584,2021-02-16,12:31:11,302.77,301.7
585,2021-02-16,12:34:15,302.71,301.74
586,2021-02-16,12:37:22,302.71,301.72
587,2021-02-16,12:43:39,302.65,301.74
588,2021-02-16,12:49:55,302.59,301.74
589,2021-02-16,12:53:03,302.59,301.76
590,2021-02-16,12:56:11,302.55,301.76
591,2021-02-16,12:59:19,302.53,301.81
592,2021-02-16,1:02:27,302.5,301.74
593,2021-02-16,1:05:35,302.46,301.76
594,2021-02-16,1:08:43,302.46,301.79
595,2021-02-16,1:11:51,302.44,301.79
596,2021-02-16,1:14:59,302.42,301.76
597,2021-02-16,1:18:07,302.4,301.79
598,2021-02-16,1:21:15,302.38,301.76
599,2021-02-16,1:24:23,302.38,301.83
600,2021-02-16,1:27:31,302.34,301.81
601,2021-02-16,1:30:10,302.34,301.81
602,2021-02-16,1:33:18,302.3,301.79
603,2021-02-16,1:36:27,302.27,301.79
604,2021-02-16,1:39:35,302.27,301.81
605,2021-02-16,1:42:43,302.21,301.79
606,2021-02-16,1:45:51,302.21,301.85
607,2021-02-16,1:48:59,302.19,301.81
608,2021-02-16,1:52:07,302.19,301.81
609,2021-02-16,1:55:15,302.15,301.83
610,2021-02-16,1:58:23,302.15,301.83
611,2021-02-16,2:01:31,302.13,301.83
612,2021-02-16,2:04:40,302.11,301.83
613,2021-02-16,2:07:48,302.09,301.83
614,2021-02-16,2:10:56,302.07,301.87
615,2021-02-16,2:14:04,302.09,301.83
616,2021-02-16,2:17:12,302.03,301.83
617,2021-02-16,2:20:20,302.03,301.81
618,2021-02-16,2:26:37,302.03,301.81
619,2021-02-16,2:29:45,302.03,301.83
620,2021-02-16,2:32:53,301.98,301.83
621,2021-02-16,2:36:01,301.96,301.85
622,2021-02-16,2:39:09,301.96,301.87
623,2021-02-16,2:42:17,301.94,301.85
624,2021-02-16,2:45:25,301.94,301.85
625,2021-02-16,2:48:34,301.94,301.83
626,2021-02-16,2:51:42,301.9,301.87
627,2021-02-16,2:54:50,301.9,301.83
628,2021-02-16,2:57:58,301.88,301.83
629,2021-02-16,3:04:15,301.84,301.87
630,2021-02-16,3:07:23,301.84,301.81
631,2021-02-16,3:10:31,301.84,301.85
632,2021-02-16,3:13:39,301.84,301.83
633,2021-02-16,3:16:47,301.8,301.81
634,2021-02-16,3:23:04,301.77,301.83
635,2021-02-16,3:26:12,301.77,301.85
636,2021-02-16,3:29:20,301.77,301.83
637,2021-02-16,3:32:28,301.77,301.89
638,2021-02-16,3:35:37,301.75,301.85
639,2021-02-16,3:38:45,301.75,301.87
640,2021-02-16,3:41:53,301.73,301.85
641,2021-02-16,3:45:01,301.73,301.87
642,2021-02-16,3:48:09,301.71,301.85
643,2021-02-16,3:51:17,301.71,301.89
644,2021-02-16,3:54:26,301.71,301.89
645,2021-02-16,3:57:34,301.71,301.85
646,2021-02-16,4:03:51,301.69,301.85
647,2021-02-16,4:06:59,301.65,301.87
648,2021-02-16,4:13:15,301.65,301.81
649,2021-02-16,4:16:23,301.65,301.85
650,2021-02-16,4:19:32,301.65,301.83
651,2021-02-16,4:22:40,301.65,301.87
652,2021-02-16,4:25:48,301.65,301.81
653,2021-02-16,4:28:56,301.63,301.85
654,2021-02-16,4:32:04,301.63,301.81
655,2021-02-16,4:35:13,301.59,301.76
656,2021-02-16,4:38:21,301.59,301.79
657,2021-02-16,4:44:37,301.59,301.79
658,2021-02-16,4:47:46,301.59,301.79
659,2021-02-16,4:50:54,301.59,301.83
660,2021-02-16,4:57:10,301.57,301.81
661,2021-02-16,5:03:27,301.53,301.81
662,2021-02-16,5:06:35,301.53,301.83
663,2021-02-16,5:09:43,301.53,301.81
664,2021-02-16,5:12:51,301.53,301.83
665,2021-02-16,5:16:00,301.53,301.76
666,2021-02-16,5:19:08,301.53,301.81
667,2021-02-16,5:22:16,301.5,301.76
668,2021-02-16,5:25:24,301.46,301.76
669,2021-02-16,5:28:33,301.46,301.76
670,2021-02-16,5:31:41,301.46,301.76
671,2021-02-16,5:34:49,301.46,301.76
672,2021-02-16,5:41:06,301.46,301.76
673,2021-02-16,5:44:14,301.44,301.79
674,2021-02-16,5:47:22,301.44,301.76
675,2021-02-16,5:50:26,301.44,301.74
676,2021-02-16,5:53:35,301.42,301.74
677,2021-02-16,5:56:43,301.44,301.76
678,2021-02-16,5:59:51,301.42,301.72
679,2021-02-16,6:02:59,301.4,301.72
680,2021-02-16,6:06:08,301.4,301.72
681,2021-02-16,6:09:16,301.4,301.72
682,2021-02-16,6:15:32,301.36,301.68
683,2021-02-16,6:18:41,301.34,301.7
684,2021-02-16,6:21:49,301.34,301.66
685,2021-02-16,6:24:57,301.34,301.64
686,2021-02-16,6:31:14,301.32,301.7
687,2021-02-16,6:34:22,301.3,301.7
688,2021-02-16,6:37:31,301.27,301.68
689,2021-02-16,6:40:39,301.27,301.7
690,2021-02-16,6:43:47,301.27,301.68
691,2021-02-16,6:46:56,301.27,301.7
692,2021-02-16,6:50:04,301.27,301.7
693,2021-02-16,6:53:12,301.27,301.66
694,2021-02-16,6:56:21,301.25,301.68
695,2021-02-16,6:59:29,301.23,301.64
696,2021-02-16,7:02:37,301.21,301.64
697,2021-02-16,7:05:46,301.21,301.64
698,2021-02-16,7:08:54,301.21,301.64
699,2021-02-16,7:12:03,301.21,301.64
700,2021-02-16,7:15:11,301.21,301.66
701,2021-02-16,7:18:19,301.19,301.66
702,2021-02-16,7:24:36,301.15,301.64
703,2021-02-16,7:27:40,301.15,301.64
704,2021-02-16,7:30:49,301.15,301.62
705,2021-02-16,7:33:57,301.15,301.64
706,2021-02-16,7:37:05,301.15,301.58
707,2021-02-16,7:40:14,301.15,301.62
708,2021-02-16,7:43:22,301.15,301.6
709,2021-02-16,7:46:40,301.13,301.6
710,2021-02-16,7:49:39,301.15,301.62
711,2021-02-16,7:52:47,301.11,301.58
712,2021-02-16,7:55:56,301.09,301.62
713,2021-02-16,7:59:04,301.09,301.6
714,2021-02-16,8:02:13,301.09,301.58
715,2021-02-16,8:05:21,301.09,301.6
716,2021-02-16,8:08:29,301.09,301.58
717,2021-02-16,8:11:38,301.09,301.54
718,2021-02-16,8:17:54,301.05,301.54
719,2021-02-16,8:24:11,301.03,301.49
720,2021-02-16,8:27:20,301.03,301.54
721,2021-02-16,8:30:28,301.03,301.54
722,2021-02-16,8:33:36,301.03,301.56
723,2021-02-16,8:36:45,301,301.51
724,2021-02-16,8:39:49,301,301.54
725,2021-02-16,8:42:58,301,301.54
726,2021-02-16,8:46:06,301,301.51
727,2021-02-16,8:49:14,300.96,301.49
728,2021-02-16,8:52:23,300.96,301.51
729,2021-02-16,8:55:31,300.96,301.45
730,2021-02-16,8:58:40,300.96,301.49
731,2021-02-16,9:01:48,300.96,301.49
732,2021-02-16,9:04:57,300.96,301.45
733,2021-02-16,9:08:05,300.94,301.45
734,2021-02-16,9:14:22,300.92,301.45
735,2021-02-16,9:17:30,300.92,301.47
736,2021-02-16,9:20:39,300.9,301.45
737,2021-02-16,9:23:47,300.9,301.45
738,2021-02-16,9:26:55,300.9,301.41
739,2021-02-16,9:30:04,300.9,301.45
740,2021-02-16,9:33:12,300.88,301.45
741,2021-02-16,9:36:21,300.88,301.43
742,2021-02-16,9:42:37,300.88,301.39
743,2021-02-16,9:45:46,300.84,301.43
744,2021-02-16,9:48:54,300.84,301.39
745,2021-02-16,9:52:03,300.84,301.35
746,2021-02-16,9:55:11,300.84,301.39
747,2021-02-16,10:04:36,300.8,301.39
748,2021-02-16,10:07:45,300.77,301.33
749,2021-02-16,10:10:53,300.77,301.33
750,2021-02-16,10:14:02,300.77,301.31
751,2021-02-16,10:17:10,300.77,301.35
752,2021-02-16,10:20:19,300.77,301.33
753,2021-02-16,10:23:27,300.75,301.33
754,2021-02-16,10:26:36,300.75,301.33
755,2021-02-16,10:29:44,300.75,301.33
756,2021-02-16,10:32:53,300.73,301.31
757,2021-02-16,10:36:01,300.71,301.33
758,2021-02-16,10:39:09,300.71,301.31
759,2021-02-16,10:42:18,300.71,301.29
760,2021-02-16,10:45:26,300.71,301.24
761,2021-02-16,10:48:40,300.71,301.26
762,2021-02-16,10:51:43,300.71,301.26
763,2021-02-16,10:54:52,300.71,301.24
764,2021-02-16,10:58:00,300.69,301.26
765,2021-02-16,11:01:09,300.69,301.26
766,2021-02-16,11:04:17,300.67,301.26
767,2021-02-16,11:07:26,300.65,301.26
768,2021-02-16,11:10:34,300.65,301.26
769,2021-02-16,11:20:00,300.65,301.2
770,2021-02-16,11:23:08,300.65,301.22
771,2021-02-16,11:26:17,300.65,301.22
772,2021-02-16,11:29:25,300.65,301.16
773,2021-02-16,11:32:34,300.63,301.2
774,2021-02-16,11:35:42,300.63,301.14
775,2021-02-16,11:38:50,300.63,301.16
776,2021-02-16,11:41:59,300.59,301.18
777,2021-02-16,11:45:08,300.59,301.18
778,2021-02-16,11:48:16,300.59,301.16
779,2021-02-16,11:51:24,300.59,301.2
780,2021-02-16,11:54:33,300.59,301.16
781,2021-02-16,11:57:42,300.59,301.14
782,2021-02-17,12:00:50,300.57,301.12
783,2021-02-17,12:03:59,300.55,301.14
784,2021-02-17,12:07:07,300.55,301.12
785,2021-02-17,12:10:16,300.53,301.14
786,2021-02-17,12:13:24,300.53,301.14
787,2021-02-17,12:16:33,300.53,301.12
788,2021-02-17,12:19:41,300.53,301.12
789,2021-02-17,12:22:50,300.53,301.14
790,2021-02-17,12:25:58,300.5,301.04
791,2021-02-17,12:29:03,300.53,301.08
792,2021-02-17,12:32:11,300.5,301.06
793,2021-02-17,12:35:16,300.5,301.08
794,2021-02-17,12:38:24,300.48,301.01
795,2021-02-17,12:41:33,300.46,301.04
796,2021-02-17,12:44:41,300.46,301.01
797,2021-02-17,12:47:50,300.46,301.01
798,2021-02-17,12:54:07,300.46,300.99
799,2021-02-17,12:57:17,300.46,300.99
800,2021-02-17,1:03:32,300.46,301.06
801,2021-02-17,1:06:41,300.46,300.97
802,2021-02-17,1:12:58,300.46,300.97
803,2021-02-17,1:16:06,300.46,300.99
804,2021-02-17,1:19:15,300.46,300.99
805,2021-02-17,1:22:23,300.48,300.99
806,2021-02-17,1:25:32,300.5,301.01
807,2021-02-17,1:28:40,300.53,300.99
808,2021-02-17,1:31:49,300.53,300.99
809,2021-02-17,1:34:57,300.53,300.97
810,2021-02-17,1:38:06,300.53,300.97
811,2021-02-17,1:41:14,300.53,300.97
812,2021-02-17,1:44:22,300.55,300.95
813,2021-02-17,1:47:31,300.57,300.91
814,2021-02-17,1:50:39,300.59,300.95
815,2021-02-17,1:53:48,300.59,300.95
816,2021-02-17,1:56:56,300.63,300.93
817,2021-02-17,2:00:05,300.63,300.87
818,2021-02-17,2:03:13,300.65,300.91
819,2021-02-17,2:06:21,300.69,300.91
820,2021-02-17,2:09:29,300.71,300.89
821,2021-02-17,2:12:38,300.77,300.93
822,2021-02-17,2:22:03,300.84,300.89
823,2021-02-17,2:25:11,300.86,300.89
824,2021-02-17,2:28:19,300.9,300.85
825,2021-02-17,2:31:27,300.96,300.89
826,2021-02-17,2:34:35,301,300.87
827,2021-02-17,2:37:44,301,300.87
828,2021-02-17,2:44:00,301.09,300.87
829,2021-02-17,2:47:08,301.15,300.87
830,2021-02-17,2:50:16,301.15,300.91
831,2021-02-17,2:53:24,301.21,300.87
832,2021-02-17,2:56:33,301.27,300.89
833,2021-02-17,2:59:40,301.27,300.87
834,2021-02-17,3:02:49,301.34,300.85
835,2021-02-17,3:05:56,301.34,300.85
836,2021-02-17,3:12:13,301.4,300.87
837,2021-02-17,3:15:21,301.44,300.83
838,2021-02-17,3:18:28,301.46,300.83
839,2021-02-17,3:21:36,301.55,300.79
840,2021-02-17,3:24:44,301.59,300.83
841,2021-02-17,3:27:52,301.65,300.81
842,2021-02-17,3:31:00,301.65,300.79
843,2021-02-17,3:37:16,301.71,300.76
844,2021-02-17,3:40:24,301.77,300.76
845,2021-02-17,3:49:47,301.82,300.81
846,2021-02-17,3:52:55,301.9,300.81
847,2021-02-17,3:56:03,301.96,300.83
848,2021-02-17,3:59:10,301.98,300.79
849,2021-02-17,4:02:18,302.03,300.81
850,2021-02-17,4:05:26,302.05,300.81
851,2021-02-17,4:08:33,302.09,300.83
852,2021-02-17,4:11:41,302.17,300.79
853,2021-02-17,4:14:48,302.15,300.83
854,2021-02-17,4:17:56,302.13,300.81
855,2021-02-17,4:21:04,302.15,300.81
856,2021-02-17,4:24:19,302.17,300.81
857,2021-02-17,4:27:19,302.25,300.83
858,2021-02-17,4:30:26,302.23,300.81
859,2021-02-17,4:33:34,302.25,300.81
860,2021-02-17,4:36:41,302.32,300.83
861,2021-02-17,4:39:49,302.34,300.76
862,2021-02-17,4:42:56,302.34,300.83
863,2021-02-17,4:46:04,302.34,300.83
864,2021-02-17,4:49:11,302.4,300.83
865,2021-02-17,4:52:19,302.4,300.79
866,2021-02-17,4:55:26,302.46,300.83
867,2021-02-17,4:58:34,302.46,300.87
868,2021-02-17,5:01:41,302.46,300.85
869,2021-02-17,5:04:49,302.53,300.85
870,2021-02-17,5:07:56,302.5,300.83
871,2021-02-17,5:11:04,302.59,300.85
872,2021-02-17,5:14:11,302.59,300.85
873,2021-02-17,5:20:26,302.61,300.87
874,2021-02-17,5:23:34,302.65,300.93
875,2021-02-17,5:26:41,302.69,300.93
876,2021-02-17,5:29:48,302.77,300.91
877,2021-02-17,5:32:56,302.82,300.91
878,2021-02-17,5:36:03,302.84,300.95
879,2021-02-17,5:39:10,302.84,300.93
880,2021-02-17,5:42:18,302.88,300.93
881,2021-02-17,5:45:24,302.84,300.93
882,2021-02-17,5:48:31,302.9,300.99
883,2021-02-17,5:51:38,302.96,300.99
884,2021-02-17,5:54:46,302.98,300.99
885,2021-02-17,6:01:00,302.96,301.01
886,2021-02-17,6:04:08,303.03,301.08
887,2021-02-17,6:07:15,303.05,301.06
888,2021-02-17,6:10:22,303.03,301.06
889,2021-02-17,6:13:29,303.09,301.08
890,2021-02-17,6:19:44,303.07,301.06
891,2021-02-17,6:22:51,303.09,301.08
892,2021-02-17,6:29:05,303.15,301.08
893,2021-02-17,6:32:13,303.15,301.1
894,2021-02-17,6:35:20,303.15,301.12
895,2021-02-17,6:38:27,303.21,301.14
896,2021-02-17,6:41:34,303.23,301.14
897,2021-02-17,6:44:42,303.27,301.14
898,2021-02-17,6:47:49,303.25,301.18
899,2021-02-17,6:50:56,303.3,301.2
900,2021-02-17,6:54:04,303.34,301.12
901,2021-02-17,6:57:11,303.4,301.18
902,2021-02-17,7:00:18,303.4,301.18
903,2021-02-17,7:03:25,303.4,301.18
904,2021-02-17,7:06:32,303.4,301.18
905,2021-02-17,7:12:51,303.46,301.22
906,2021-02-17,7:15:54,303.46,301.24
907,2021-02-17,7:19:02,303.59,301.2
908,2021-02-17,7:22:09,303.59,301.26
909,2021-02-17,7:25:16,303.59,301.24
910,2021-02-17,7:28:23,303.59,301.2
911,2021-02-17,7:34:38,303.59,301.26
912,2021-02-17,7:37:45,303.59,301.26
913,2021-02-17,7:40:52,303.65,301.24
914,2021-02-17,7:44:00,303.65,301.26
915,2021-02-17,7:50:14,303.67,301.26
916,2021-02-17,7:53:23,303.67,301.29
917,2021-02-17,7:56:29,303.69,301.24
918,2021-02-17,7:59:37,303.71,301.24
919,2021-02-17,8:02:43,303.75,301.26
920,2021-02-17,8:05:50,303.77,301.26
921,2021-02-17,8:08:58,303.77,301.29
922,2021-02-17,8:12:05,303.77,301.31
923,2021-02-17,8:15:13,303.77,301.26
924,2021-02-17,8:18:20,303.77,301.29
925,2021-02-17,8:21:27,303.77,301.29
926,2021-02-17,8:24:35,303.77,301.29
927,2021-02-17,8:30:49,303.82,301.31
928,2021-02-17,8:33:57,303.77,301.29
929,2021-02-17,8:37:04,303.77,301.33
930,2021-02-17,8:40:11,303.84,301.37
931,2021-02-17,8:43:19,303.77,301.33
932,2021-02-17,8:46:26,303.82,301.35
933,2021-02-17,8:49:34,303.82,301.37
934,2021-02-17,8:52:41,303.84,301.37
935,2021-02-17,8:55:48,303.84,301.37
936,2021-02-17,8:58:56,303.86,301.35
937,2021-02-17,9:02:03,303.86,301.41
938,2021-02-17,9:05:10,303.84,301.39
939,2021-02-17,9:08:18,303.9,301.41
940,2021-02-17,9:11:25,303.92,301.39
941,2021-02-17,9:17:40,303.94,301.41
942,2021-02-17,9:23:54,304.03,301.43
943,2021-02-17,9:27:02,304.03,301.45
944,2021-02-17,9:33:16,304.09,301.43
945,2021-02-17,9:36:24,304.03,301.41
946,2021-02-17,9:39:31,304.09,301.43
947,2021-02-17,9:42:38,304.03,301.45
948,2021-02-17,9:45:46,304.03,301.47
949,2021-02-17,9:48:53,304.09,301.45
950,2021-02-17,9:52:00,304.11,301.43
951,2021-02-17,9:55:08,304.15,301.45
952,2021-02-17,9:58:15,304.17,301.45
953,2021-02-17,10:01:22,304.15,301.49
954,2021-02-17,10:04:29,304.17,301.47
955,2021-02-17,10:07:36,304.21,301.47
956,2021-02-17,10:11:12,304.25,301.49
957,2021-02-17,10:14:19,304.27,301.47
958,2021-02-17,10:17:27,304.21,301.51
959,2021-02-17,10:20:34,304.27,301.49
960,2021-02-17,10:26:48,304.46,301.54
961,2021-02-17,10:29:56,304.53,301.51
962,2021-02-17,10:33:03,304.65,301.58
963,2021-02-17,10:36:10,304.77,301.58
964,2021-02-17,10:39:17,304.9,301.58
965,2021-02-17,10:42:24,304.94,301.58
966,2021-02-17,10:45:31,305.15,301.58
967,2021-02-17,10:48:38,305.27,301.62
968,2021-02-17,10:51:44,305.53,301.64
969,2021-02-17,10:54:51,305.75,301.64
970,2021-02-17,10:57:58,305.9,301.66
971,2021-02-17,11:01:05,306.03,301.6
972,2021-02-17,11:04:11,306.15,301.62
973,2021-02-17,11:07:18,306.03,301.64
974,2021-02-17,11:10:24,305.9,301.64
975,2021-02-17,11:13:31,305.84,301.62
976,2021-02-17,11:16:38,305.84,301.68
977,2021-02-17,11:19:45,305.75,301.66
978,2021-02-17,11:22:52,305.71,301.66
979,2021-02-17,11:25:59,305.59,301.7
980,2021-02-17,11:29:06,305.5,301.7
981,2021-02-17,11:32:13,305.46,301.68
982,2021-02-17,11:35:21,305.36,301.76
983,2021-02-17,11:38:28,305.32,301.72
984,2021-02-17,11:41:35,305.27,301.74
985,2021-02-17,11:44:43,305.15,301.74
986,2021-02-17,11:47:50,305.13,301.76
987,2021-02-17,11:50:58,305.03,301.74
988,2021-02-17,11:54:05,305,301.79
989,2021-02-17,11:57:13,304.9,301.76
990,2021-02-17,12:00:21,304.84,301.79
991,2021-02-17,12:03:28,304.84,301.76
992,2021-02-17,12:06:36,304.8,301.83
993,2021-02-17,12:09:43,304.75,301.83
994,2021-02-17,12:12:51,304.67,301.83
995,2021-02-17,12:15:59,304.63,301.81
996,2021-02-17,12:19:06,304.59,301.83
997,2021-02-17,12:22:14,304.53,301.83
998,2021-02-17,12:25:22,304.48,301.83
999,2021-02-17,12:28:29,304.4,301.83
1000,2021-02-17,12:31:37,304.38,301.87
1001,2021-02-17,12:34:45,304.3,301.85
1002,2021-02-17,12:37:52,304.27,301.85
1003,2021-02-17,12:41:00,304.21,301.87
1004,2021-02-17,12:44:08,304.15,301.85
1005,2021-02-17,12:47:16,304.11,301.89
1006,2021-02-17,12:50:24,304.07,301.91
1007,2021-02-17,12:53:32,304.03,301.87
1008,2021-02-17,12:56:39,303.96,301.85
1009,2021-02-17,12:59:47,303.9,301.89
1010,2021-02-17,1:06:03,303.8,301.91
1011,2021-02-17,1:09:11,303.77,301.95
1012,2021-02-17,1:12:19,303.69,301.97
1013,2021-02-17,1:15:27,303.65,301.95
1014,2021-02-17,1:21:43,303.59,301.97
1015,2021-02-17,1:24:51,303.53,301.97
1016,2021-02-17,1:27:59,303.53,301.99
1017,2021-02-17,1:31:07,303.48,301.99
1018,2021-02-17,1:34:15,303.44,301.99
1019,2021-02-17,1:40:27,303.38,302.01
1020,2021-02-17,1:43:35,303.34,301.99
1021,2021-02-17,1:46:43,303.3,302.01
1022,2021-02-17,1:49:51,303.27,302.04
1023,2021-02-17,1:52:59,303.21,302.06
1024,2021-02-17,1:56:07,303.21,302.01
1025,2021-02-17,1:59:15,303.17,302.01
1026,2021-02-17,2:05:31,303.11,302.01
1027,2021-02-17,2:08:39,303.09,302.08
1028,2021-02-17,2:11:47,303.03,302.08
1029,2021-02-17,2:27:27,302.94,302.06
1030,2021-02-17,2:30:36,302.9,302.12
1031,2021-02-17,2:33:44,302.84,302.06
1032,2021-02-17,2:40:00,302.84,302.1
1033,2021-02-17,2:49:24,302.73,302.08
1034,2021-02-17,2:52:32,302.71,302.08
1035,2021-02-17,2:55:47,302.71,302.1
1036,2021-02-17,2:58:49,302.69,302.08
1037,2021-02-17,3:01:57,302.65,302.08
1038,2021-02-17,3:05:05,302.65,302.08
1039,2021-02-17,3:08:13,302.63,302.06
1040,2021-02-17,3:11:21,302.59,302.08
1041,2021-02-17,3:17:37,302.57,302.1
1042,2021-02-17,3:20:46,302.53,302.08
1043,2021-02-17,3:27:02,302.48,302.12
1044,2021-02-17,3:30:10,302.46,302.14
1045,2021-02-17,3:33:18,302.46,302.08
1046,2021-02-17,3:36:26,302.46,302.1
1047,2021-02-17,3:39:35,302.4,302.14
1048,2021-02-17,3:42:43,302.4,302.12
1049,2021-02-17,3:45:51,302.38,302.14
1050,2021-02-17,3:48:59,302.36,302.16
1051,2021-02-17,3:52:03,302.34,302.16
1052,2021-02-17,3:58:20,302.32,302.16
1053,2021-02-17,4:01:28,302.27,302.14
1054,2021-02-17,4:07:45,302.25,302.1
1055,2021-02-17,4:10:53,302.21,302.18
1056,2021-02-17,4:17:09,302.19,302.14
1057,2021-02-17,4:20:18,302.17,302.14
1058,2021-02-17,4:23:26,302.15,302.14
1059,2021-02-17,4:32:51,302.09,302.16
1060,2021-02-17,4:35:59,302.09,302.14
1061,2021-02-17,4:42:15,302.03,302.16
1062,2021-02-17,4:45:24,302.03,302.18
1063,2021-02-17,4:48:32,302,302.14
1064,2021-02-17,4:51:40,301.96,302.14
1065,2021-02-17,4:57:57,301.96,302.18
1066,2021-02-17,5:01:05,301.96,302.16
1067,2021-02-17,5:04:14,301.92,302.18
1068,2021-02-17,5:07:22,301.9,302.16
1069,2021-02-17,5:10:30,301.9,302.16
1070,2021-02-17,5:13:38,301.9,302.14
1071,2021-02-17,5:16:47,301.88,302.12
1072,2021-02-17,5:19:55,301.84,302.12
1073,2021-02-17,5:23:03,301.84,302.08
1074,2021-02-17,5:26:12,301.84,302.14
1075,2021-02-17,5:29:20,301.8,302.14
1076,2021-02-17,5:32:29,301.77,302.1
1077,2021-02-17,5:35:37,301.77,302.14
1078,2021-02-17,5:38:45,301.77,302.14
1079,2021-02-17,5:41:54,301.71,302.12
1080,2021-02-17,5:45:02,301.71,302.12
1081,2021-02-17,5:48:10,301.71,302.1
1082,2021-02-17,5:51:19,301.71,302.1
1083,2021-02-17,5:54:27,301.67,302.08
1084,2021-02-17,6:00:44,301.65,302.08
1085,2021-02-17,6:03:52,301.65,302.1
1086,2021-02-17,6:07:01,301.63,302.08
1087,2021-02-17,6:10:09,301.59,302.12
1088,2021-02-17,6:13:17,301.59,302.06
1089,2021-02-17,6:16:26,301.59,302.08
1090,2021-02-17,6:19:34,301.59,302.04
1091,2021-02-17,6:22:42,301.55,302.04
1092,2021-02-17,6:25:51,301.53,301.99
1093,2021-02-17,6:28:59,301.53,302.04
1094,2021-02-17,6:32:08,301.53,302.01
1095,2021-02-17,6:35:16,301.53,302.04
1096,2021-02-17,6:38:25,301.48,302.01
1097,2021-02-17,6:41:33,301.46,302.01
1098,2021-02-17,6:45:10,301.46,302.01
1099,2021-02-17,6:48:19,301.46,301.99
1100,2021-02-17,6:51:27,301.42,301.99
1101,2021-02-17,6:57:44,301.4,301.95
1102,2021-02-17,7:00:52,301.4,302.01
1103,2021-02-17,7:07:09,301.4,301.99
1104,2021-02-17,7:10:18,301.38,301.99
1105,2021-02-17,7:16:34,301.34,302.01
1106,2021-02-17,7:19:43,301.34,301.99
1107,2021-02-17,7:26:00,301.32,301.99
1108,2021-02-17,7:29:08,301.3,301.95
1109,2021-02-17,7:32:17,301.3,301.93
1110,2021-02-17,7:35:25,301.27,301.93
1111,2021-02-17,7:38:34,301.27,301.93
1112,2021-02-17,7:44:50,301.25,301.95
1113,2021-02-17,7:47:59,301.21,301.91
1114,2021-02-17,7:51:07,301.21,301.89
1115,2021-02-17,7:54:16,301.21,301.89
1116,2021-02-17,7:57:24,301.21,301.89
1117,2021-02-17,8:00:33,301.19,301.89
1118,2021-02-17,8:03:41,301.17,301.85
1119,2021-02-17,8:06:50,301.15,301.87
1120,2021-02-17,8:09:58,301.15,301.89
1121,2021-02-17,8:13:07,301.13,301.85
1122,2021-02-17,8:16:15,301.09,301.81
1123,2021-02-17,8:19:24,301.09,301.83
1124,2021-02-17,8:22:32,301.09,301.85
1125,2021-02-17,8:25:41,301.07,301.83
1126,2021-02-17,8:28:49,301.03,301.81
1127,2021-02-17,8:31:58,301.03,301.81
1128,2021-02-17,8:35:06,301.03,301.81
1129,2021-02-17,8:38:15,301.03,301.83
1130,2021-02-17,8:41:23,301,301.76
1131,2021-02-17,8:44:28,300.98,301.76
1132,2021-02-17,8:47:36,300.96,301.79
1133,2021-02-17,8:50:45,300.96,301.76
1134,2021-02-17,8:53:53,300.96,301.76
1135,2021-02-17,8:57:02,300.96,301.76
1136,2021-02-17,9:00:10,300.96,301.74
1137,2021-02-17,9:03:19,300.96,301.72
1138,2021-02-17,9:06:27,300.94,301.74
1139,2021-02-17,9:09:36,300.92,301.76
1140,2021-02-17,9:12:44,300.9,301.74
1141,2021-02-17,9:15:53,300.9,301.7
1142,2021-02-17,9:19:01,300.9,301.7
1143,2021-02-17,9:22:10,300.9,301.68
1144,2021-02-17,9:25:19,300.9,301.7
1145,2021-02-17,9:28:27,300.86,301.7
1146,2021-02-17,9:31:36,300.86,301.68
1147,2021-02-17,9:34:44,300.84,301.74
1148,2021-02-17,9:37:53,300.84,301.7
1149,2021-02-17,9:41:01,300.84,301.66
1150,2021-02-17,9:47:18,300.82,301.64
1151,2021-02-17,9:50:27,300.77,301.62
1152,2021-02-17,9:53:36,300.77,301.64
1153,2021-02-17,9:59:53,300.77,301.6
1154,2021-02-17,10:03:01,300.77,301.58
1155,2021-02-17,10:06:10,300.75,301.62
1156,2021-02-17,10:09:18,300.71,301.6
1157,2021-02-17,10:12:27,300.71,301.6
1158,2021-02-17,10:18:44,300.71,301.58
1159,2021-02-17,10:21:53,300.71,301.58
1160,2021-02-17,10:25:02,300.71,301.58
1161,2021-02-17,10:28:10,300.71,301.58
1162,2021-02-17,10:31:18,300.71,301.58
1163,2021-02-17,10:34:27,300.69,301.56
1164,2021-02-17,10:37:36,300.65,301.54
1165,2021-02-17,10:43:53,300.65,301.51
1166,2021-02-17,10:47:01,300.65,301.49
1167,2021-02-17,10:50:10,300.65,301.49
1168,2021-02-17,10:56:27,300.65,301.47
1169,2021-02-17,10:59:36,300.63,301.47
1170,2021-02-17,11:02:44,300.63,301.45
1171,2021-02-17,11:05:53,300.63,301.45
1172,2021-02-17,11:09:01,300.59,301.43
1173,2021-02-17,11:12:10,300.59,301.43
1174,2021-02-17,11:15:19,300.59,301.45
1175,2021-02-17,11:18:27,300.59,301.45
1176,2021-02-17,11:21:36,300.59,301.41
1177,2021-02-17,11:24:44,300.59,301.43
1178,2021-02-17,11:27:53,300.57,301.41
1179,2021-02-17,11:31:02,300.53,301.39
1180,2021-02-17,11:34:10,300.53,301.41
1181,2021-02-17,11:37:19,300.53,301.37
1182,2021-02-17,11:40:27,300.5,301.37
1183,2021-02-17,11:43:36,300.46,301.37
1184,2021-02-17,11:49:53,300.46,301.37
1185,2021-02-17,11:53:02,300.46,301.39
1186,2021-02-17,11:56:11,300.44,301.35
1187,2021-02-17,11:59:19,300.42,301.33
1188,2021-02-18,12:02:28,300.4,301.35
1189,2021-02-18,12:05:37,300.4,301.33
1190,2021-02-18,12:08:45,300.38,301.29
1191,2021-02-18,12:11:54,300.36,301.31
1192,2021-02-18,12:15:02,300.34,301.31
1193,2021-02-18,12:18:11,300.34,301.29
1194,2021-02-18,12:21:20,300.34,301.29
1195,2021-02-18,12:24:29,300.34,301.26
1196,2021-02-18,12:27:37,300.34,301.24
1197,2021-02-18,12:30:46,300.34,301.24
1198,2021-02-18,12:33:55,300.3,301.24
1199,2021-02-18,12:37:03,300.27,301.24
1200,2021-02-18,12:43:24,300.27,301.2
1201,2021-02-18,12:46:29,300.27,301.18
1202,2021-02-18,12:49:38,300.27,301.2
1203,2021-02-18,12:52:47,300.3,301.2
1204,2021-02-18,12:59:04,300.27,301.2
1205,2021-02-18,1:02:13,300.27,301.2
1206,2021-02-18,1:05:22,300.23,301.18
1207,2021-02-18,1:08:30,300.23,301.18
1208,2021-02-18,1:11:39,300.25,301.16
1209,2021-02-18,1:14:48,300.27,301.14
1210,2021-02-18,1:17:57,300.27,301.14
1211,2021-02-18,1:21:05,300.27,301.12
1212,2021-02-18,1:24:14,300.32,301.12
1213,2021-02-18,1:27:23,300.34,301.1
1214,2021-02-18,1:30:31,300.4,301.08
1215,2021-02-18,1:33:40,300.4,301.1
1216,2021-02-18,1:36:48,300.44,301.08
1217,2021-02-18,1:39:57,300.46,301.12
1218,2021-02-18,1:43:05,300.5,301.12
1219,2021-02-18,1:46:14,300.53,301.1
1220,2021-02-18,1:49:22,300.59,301.06
1221,2021-02-18,1:52:31,300.59,301.04
1222,2021-02-18,1:55:39,300.65,301.06
1223,2021-02-18,2:01:56,300.71,301.08
1224,2021-02-18,2:05:04,300.77,301.04
1225,2021-02-18,2:11:21,300.84,301.06
1226,2021-02-18,2:14:29,300.84,301.01
1227,2021-02-18,2:17:37,300.84,301.04
1228,2021-02-18,2:20:45,300.9,301.01
1229,2021-02-18,2:23:53,300.94,300.99
1230,2021-02-18,2:27:01,300.96,301.06
1231,2021-02-18,2:30:10,301,300.99
1232,2021-02-18,2:33:18,301.03,300.97
1233,2021-02-18,2:36:26,301.07,300.95
1234,2021-02-18,2:39:34,301.05,300.99
1235,2021-02-18,2:42:42,301.09,300.99
1236,2021-02-18,2:45:51,301.15,300.99
1237,2021-02-18,2:48:58,301.21,300.95
1238,2021-02-18,2:52:07,301.23,300.93
1239,2021-02-18,2:55:15,301.25,300.95
1240,2021-02-18,2:58:23,301.32,300.95
1241,2021-02-18,3:01:31,301.34,300.95
1242,2021-02-18,3:07:47,301.46,300.91
1243,2021-02-18,3:10:55,301.46,300.93
1244,2021-02-18,3:14:03,301.53,300.91
1245,2021-02-18,3:20:19,301.59,300.95
1246,2021-02-18,3:23:27,301.63,300.93
1247,2021-02-18,3:26:35,301.67,300.95
1248,2021-02-18,3:29:43,301.71,300.93
1249,2021-02-18,3:32:50,301.77,300.95
1250,2021-02-18,3:35:58,301.82,300.95
1251,2021-02-18,3:39:06,301.84,300.95
1252,2021-02-18,3:42:14,301.9,300.89
1253,2021-02-18,3:45:22,301.94,300.93
1254,2021-02-18,3:48:30,301.98,300.89
1255,2021-02-18,3:51:37,301.96,300.93
1256,2021-02-18,3:54:45,302.03,300.89
1257,2021-02-18,3:57:53,302.09,300.95
1258,2021-02-18,4:01:00,302.09,300.89
1259,2021-02-18,4:04:08,302.09,300.89
1260,2021-02-18,4:07:16,302.19,300.93
1261,2021-02-18,4:10:24,302.21,300.95
1262,2021-02-18,4:13:31,302.27,300.95
1263,2021-02-18,4:16:39,302.34,300.95
1264,2021-02-18,4:19:47,302.38,300.93
1265,2021-02-18,4:22:54,302.4,300.93
1266,2021-02-18,4:26:01,302.42,300.95
1267,2021-02-18,4:29:08,302.48,300.95
1268,2021-02-18,4:32:15,302.5,300.95
1269,2021-02-18,4:35:22,302.53,300.95
1270,2021-02-18,4:38:29,302.59,300.99
1271,2021-02-18,4:41:37,302.59,300.95
1272,2021-02-18,4:47:51,302.69,301.01
1273,2021-02-18,4:54:06,302.77,301.01
1274,2021-02-18,4:57:13,302.77,301.08
1275,2021-02-18,5:03:28,302.84,301.08
1276,2021-02-18,5:06:35,302.84,301.01
1277,2021-02-18,5:09:43,302.84,301.06
1278,2021-02-18,5:12:50,302.9,301.08
1279,2021-02-18,5:15:57,302.9,301.08
1280,2021-02-18,5:19:04,302.9,301.08
1281,2021-02-18,5:22:12,302.9,301.08
1282,2021-02-18,5:25:19,302.9,301.12
1283,2021-02-18,5:28:26,302.9,301.14
1284,2021-02-18,5:31:34,302.9,301.12
1285,2021-02-18,5:34:41,302.94,301.14
1286,2021-02-18,5:37:48,302.96,301.18
1287,2021-02-18,5:40:56,303.03,301.14
1288,2021-02-18,5:44:03,303.03,301.14
1289,2021-02-18,5:47:10,303.03,301.14
1290,2021-02-18,5:50:18,303.09,301.2
1291,2021-02-18,5:53:21,303.15,301.22
1292,2021-02-18,5:56:28,303.15,301.2
1293,2021-02-18,5:59:36,303.17,301.22
1294,2021-02-18,6:02:43,303.17,301.2
1295,2021-02-18,6:05:50,303.15,301.2
1296,2021-02-18,6:08:58,303.15,301.26
1297,2021-02-18,6:12:05,303.17,301.24
1298,2021-02-18,6:18:19,303.19,301.26
1299,2021-02-18,6:21:26,303.21,301.26
1300,2021-02-18,6:24:34,303.23,301.24
1301,2021-02-18,6:30:48,303.25,301.29
1302,2021-02-18,6:33:56,303.27,301.26
1303,2021-02-18,6:37:03,303.3,301.31
1304,2021-02-18,6:40:10,303.34,301.31
1305,2021-02-18,6:43:17,303.4,301.29
1306,2021-02-18,6:49:32,303.4,301.31
1307,2021-02-18,6:55:46,303.42,301.37
1308,2021-02-18,6:58:54,303.4,301.33
1309,2021-02-18,7:02:01,303.42,301.37
1310,2021-02-18,7:05:08,303.46,301.39
1311,2021-02-18,7:11:23,303.46,301.35
1312,2021-02-18,7:14:30,303.53,301.37
1313,2021-02-18,7:17:37,303.65,301.39
1314,2021-02-18,7:23:52,303.59,301.39
1315,2021-02-18,7:26:59,303.59,301.35
1316,2021-02-18,7:33:14,303.53,301.43
1317,2021-02-18,7:36:21,303.5,301.39
1318,2021-02-18,7:39:28,303.55,301.45
1319,2021-02-18,7:42:36,303.53,301.39
1320,2021-02-18,7:45:43,303.53,301.41
1321,2021-02-18,7:48:50,303.59,301.45
1322,2021-02-18,7:55:05,303.63,301.45
1323,2021-02-18,7:58:12,303.65,301.45
1324,2021-02-18,8:01:20,303.65,301.45
1325,2021-02-18,8:04:27,303.65,301.45
1326,2021-02-18,8:07:34,303.69,301.45
1327,2021-02-18,8:10:41,303.71,301.47
1328,2021-02-18,8:13:49,303.71,301.49
1329,2021-02-18,8:20:03,303.77,301.45
1330,2021-02-18,8:23:10,303.71,301.49
1331,2021-02-18,8:26:18,303.77,301.51
1332,2021-02-18,8:29:25,303.77,301.51
1333,2021-02-18,8:32:32,303.82,301.49
1334,2021-02-18,8:35:39,303.84,301.49
1335,2021-02-18,8:38:47,303.84,301.51
1336,2021-02-18,8:45:01,303.84,301.49
1337,2021-02-18,8:48:09,303.9,301.56
1338,2021-02-18,8:51:16,303.94,301.54
1339,2021-02-18,8:54:23,303.96,301.51
1340,2021-02-18,8:57:30,303.98,301.51
1341,2021-02-18,9:00:38,303.98,301.54
1342,2021-02-18,9:03:45,304.03,301.56
1343,2021-02-18,9:06:52,304.05,301.58
1344,2021-02-18,9:10:00,304.07,301.58
1345,2021-02-18,9:13:07,304.09,301.58
1346,2021-02-18,9:16:14,304.13,301.6
1347,2021-02-18,9:19:22,304.13,301.58
1348,2021-02-18,9:22:29,304.15,301.58
1349,2021-02-18,9:25:45,304.15,301.58
1350,2021-02-18,9:31:51,304.21,301.6
1351,2021-02-18,9:34:58,304.21,301.58
1352,2021-02-18,9:38:05,304.27,301.64
1353,2021-02-18,9:41:17,304.27,301.62
1354,2021-02-18,9:44:20,304.32,301.66
1355,2021-02-18,9:47:27,304.34,301.66
1356,2021-02-18,9:50:35,304.34,301.66
1357,2021-02-18,9:56:49,304.46,301.7
1358,2021-02-18,9:59:56,304.46,301.7
1359,2021-02-18,10:03:03,304.44,301.7
1360,2021-02-18,10:06:11,304.46,301.72
1361,2021-02-18,10:09:18,304.53,301.72
1362,2021-02-18,10:12:25,304.55,301.7
1363,2021-02-18,10:15:33,304.57,301.7
1364,2021-02-18,10:18:40,304.5,301.76
1365,2021-02-18,10:24:54,304.59,301.76
1366,2021-02-18,10:28:01,304.65,301.74
1367,2021-02-18,10:31:08,304.63,301.76
1368,2021-02-18,10:34:15,304.71,301.79
1369,2021-02-18,10:37:22,305.03,301.76
1370,2021-02-18,10:40:29,305.09,301.76
1371,2021-02-18,10:43:36,305.44,301.76
1372,2021-02-18,10:46:42,305.53,301.83
1373,2021-02-18,10:49:49,305.38,301.81
1374,2021-02-18,10:52:56,305.32,301.83
1375,2021-02-18,10:56:03,305.46,301.81
1376,2021-02-18,11:02:16,305.59,301.83
1377,2021-02-18,11:05:23,305.8,301.81
1378,2021-02-18,11:08:30,305.94,301.89
1379,2021-02-18,11:11:37,305.96,301.89
1380,2021-02-18,11:14:43,306.13,301.89
1381,2021-02-18,11:17:50,306.21,301.91
1382,2021-02-18,11:20:56,306.09,301.87
1383,2021-02-18,11:24:03,306.27,301.91
1384,2021-02-18,11:27:09,306.21,301.93
1385,2021-02-18,11:30:16,306.34,301.93
1386,2021-02-18,11:33:22,306.53,301.93
1387,2021-02-18,11:36:29,306.65,301.95
1388,2021-02-18,11:39:35,306.8,301.95
1389,2021-02-18,11:45:48,306.84,301.99
1390,2021-02-18,11:48:55,306.84,301.99
1391,2021-02-18,11:52:02,306.77,301.99
1392,2021-02-18,11:55:08,306.84,302.04
1393,2021-02-18,11:58:15,306.9,302.04
1394,2021-02-18,12:01:22,306.82,302.04
1395,2021-02-18,12:04:29,306.65,302.08
1396,2021-02-18,12:10:43,306.46,302.06
1397,2021-02-18,12:13:50,306.34,302.06
1398,2021-02-18,12:20:05,306.13,302.08
1399,2021-02-18,12:23:12,306.03,302.1
1400,2021-02-18,12:26:20,305.92,302.1
1401,2021-02-18,12:29:27,305.84,302.1
1402,2021-02-18,12:32:35,305.69,302.14
1403,2021-02-18,12:35:48,305.61,302.14
1404,2021-02-18,12:41:57,305.44,302.1
1405,2021-02-18,12:45:05,305.34,302.14
1406,2021-02-18,12:51:20,305.19,302.2
1407,2021-02-18,12:54:28,305.15,302.2
1408,2021-02-18,12:57:36,305.09,302.18
1409,2021-02-18,1:00:43,305.03,302.14
1410,2021-02-18,1:03:51,304.96,302.16
1411,2021-02-18,1:06:59,304.9,302.16
1412,2021-02-18,1:10:07,304.84,302.2
1413,2021-02-18,1:13:15,304.77,302.22
1414,2021-02-18,1:16:22,304.71,302.22
1415,2021-02-18,1:22:38,304.63,302.22
1416,2021-02-18,1:25:46,304.59,302.24
1417,2021-02-18,1:28:54,304.53,302.24
1418,2021-02-18,1:32:01,304.46,302.26
1419,2021-02-18,1:35:09,304.42,302.26
1420,2021-02-18,1:38:17,304.4,302.24
1421,2021-02-18,1:41:25,304.34,302.22
1422,2021-02-18,1:47:40,304.25,302.33
1423,2021-02-18,1:50:48,304.21,302.26
1424,2021-02-18,1:53:56,304.15,302.33
1425,2021-02-18,1:57:04,304.13,302.29
1426,2021-02-18,2:00:12,304.09,302.31
1427,2021-02-18,2:03:20,304.05,302.33
1428,2021-02-18,2:06:28,303.96,302.33
1429,2021-02-18,2:09:36,303.96,302.35
1430,2021-02-18,2:12:43,303.9,302.35
1431,2021-02-18,2:15:51,303.88,302.37
1432,2021-02-18,2:18:59,303.84,302.35
1433,2021-02-18,2:22:07,303.82,302.33
1434,2021-02-18,2:25:15,303.77,302.39
1435,2021-02-18,2:28:23,303.75,302.43
1436,2021-02-18,2:31:31,303.71,302.39
1437,2021-02-18,2:34:39,303.69,302.43
1438,2021-02-18,2:37:47,303.65,302.41
1439,2021-02-18,2:44:03,303.57,302.37
1440,2021-02-18,2:50:19,303.53,302.41
1441,2021-02-18,2:53:27,303.46,302.43
1442,2021-02-18,2:56:35,303.46,302.41
1443,2021-02-18,2:59:43,303.4,302.39
1444,2021-02-18,3:02:51,303.38,302.43
1445,2021-02-18,3:05:59,303.36,302.43
1446,2021-02-18,3:12:15,303.3,302.41
1447,2021-02-18,3:15:23,303.27,302.47
1448,2021-02-18,3:18:31,303.25,302.49
1449,2021-02-18,3:21:39,303.21,302.45
1450,2021-02-18,3:24:47,303.19,302.45
1451,2021-02-18,3:27:55,303.15,302.49
1452,2021-02-18,3:31:03,303.15,302.47
1453,2021-02-18,3:34:11,303.11,302.51
1454,2021-02-18,3:37:20,303.09,302.47
1455,2021-02-18,3:40:28,303.07,302.47
1456,2021-02-18,3:43:36,303.03,302.47
1457,2021-02-18,3:46:44,303,302.47
1458,2021-02-18,3:49:52,302.98,302.45
1459,2021-02-18,3:53:00,302.96,302.49
1460,2021-02-18,3:56:08,302.94,302.49
1461,2021-02-18,3:59:16,302.92,302.51
1462,2021-02-18,4:02:25,302.9,302.47
1463,2021-02-18,4:05:33,302.86,302.51
1464,2021-02-18,4:08:41,302.84,302.47
1465,2021-02-18,4:14:57,302.82,302.47
1466,2021-02-18,4:18:05,302.77,302.54
1467,2021-02-18,4:21:13,302.77,302.45
1468,2021-02-18,4:24:22,302.75,302.51
1469,2021-02-18,4:27:30,302.71,302.49
1470,2021-02-18,4:30:38,302.71,302.47
1471,2021-02-18,4:33:46,302.67,302.47
1472,2021-02-18,4:36:54,302.65,302.47
1473,2021-02-18,4:40:03,302.65,302.45
1474,2021-02-18,4:43:11,302.61,302.45
1475,2021-02-18,4:49:27,302.59,302.45
1476,2021-02-18,4:55:44,302.53,302.49
1477,2021-02-18,4:58:52,302.53,302.47
1478,2021-02-18,5:02:00,302.5,302.51
1479,2021-02-18,5:05:08,302.46,302.45
1480,2021-02-18,5:08:16,302.46,302.45
1481,2021-02-18,5:11:25,302.44,302.51
1482,2021-02-18,5:14:33,302.42,302.45
1483,2021-02-18,5:17:41,302.4,302.51
1484,2021-02-18,5:20:50,302.4,302.51
1485,2021-02-18,5:23:58,302.36,302.47
1486,2021-02-18,5:30:14,302.34,302.45
1487,2021-02-18,5:33:22,302.32,302.47
1488,2021-02-18,5:36:31,302.3,302.49
1489,2021-02-18,5:39:39,302.27,302.49
1490,2021-02-18,5:42:48,302.27,302.45
1491,2021-02-18,5:45:56,302.21,302.47
1492,2021-02-18,5:49:04,302.21,302.47
1493,2021-02-18,5:52:12,302.21,302.45
1494,2021-02-18,5:55:21,302.17,302.43
1495,2021-02-18,5:58:29,302.15,302.43
1496,2021-02-18,6:01:37,302.15,302.47
1497,2021-02-18,6:04:46,302.13,302.47
1498,2021-02-18,6:11:02,302.11,302.41
1499,2021-02-18,6:14:11,302.09,302.43
1500,2021-02-18,6:17:19,302.09,302.41
1501,2021-02-18,6:20:27,302.03,302.41
1502,2021-02-18,6:26:44,302,302.41
1503,2021-02-18,6:29:52,301.98,302.41
1504,2021-02-18,6:33:01,301.96,302.39
1505,2021-02-18,6:36:09,301.96,302.41
1506,2021-02-18,6:39:17,301.96,302.43
1507,2021-02-18,6:42:26,301.94,302.43
1508,2021-02-18,6:45:34,301.92,302.39
1509,2021-02-18,6:48:42,301.9,302.39
1510,2021-02-18,6:54:59,301.9,302.39
1511,2021-02-18,6:58:07,301.88,302.41
1512,2021-02-18,7:01:16,301.84,302.39
1513,2021-02-18,7:04:24,301.84,302.39
1514,2021-02-18,7:07:33,301.8,302.41
1515,2021-02-18,7:10:41,301.8,302.39
1516,2021-02-18,7:13:49,301.77,302.37
1517,2021-02-18,7:16:58,301.77,302.39
1518,2021-02-18,7:20:06,301.77,302.35
1519,2021-02-18,7:23:14,301.73,302.33
1520,2021-02-18,7:29:31,301.71,302.33
1521,2021-02-18,7:32:40,301.71,302.33
1522,2021-02-18,7:35:48,301.71,302.33
1523,2021-02-18,7:38:56,301.71,302.31
1524,2021-02-18,7:42:05,301.65,302.31
1525,2021-02-18,7:48:22,301.65,302.26
1526,2021-02-18,7:51:30,301.65,302.31
1527,2021-02-18,7:54:38,301.63,302.29
1528,2021-02-18,7:57:47,301.59,302.24
1529,2021-02-18,8:00:55,301.59,302.26
1530,2021-02-18,8:04:04,301.57,302.29
1531,2021-02-18,8:07:12,301.57,302.22
1532,2021-02-18,8:10:20,301.55,302.22
1533,2021-02-18,8:13:29,301.53,302.22
1534,2021-02-18,8:16:37,301.53,302.2
1535,2021-02-18,8:19:46,301.53,302.22
1536,2021-02-18,8:22:54,301.5,302.22
1537,2021-02-18,8:26:02,301.46,302.2
1538,2021-02-18,8:29:11,301.46,302.2
1539,2021-02-18,8:32:20,301.46,302.22
1540,2021-02-18,8:38:36,301.42,302.2
1541,2021-02-18,8:41:45,301.4,302.2
1542,2021-02-18,8:44:53,301.4,302.2
1543,2021-02-18,8:48:02,301.4,302.18
1544,2021-02-18,8:51:10,301.36,302.18
1545,2021-02-18,8:54:19,301.34,302.14
1546,2021-02-18,8:57:27,301.34,302.18
1547,2021-02-18,9:00:36,301.34,302.16
1548,2021-02-18,9:03:44,301.3,302.14
1549,2021-02-18,9:10:01,301.27,302.14
1550,2021-02-18,9:13:10,301.27,302.12
1551,2021-02-18,9:16:18,301.27,302.16
1552,2021-02-18,9:19:27,301.27,302.12
1553,2021-02-18,9:22:35,301.27,302.1
1554,2021-02-18,9:25:44,301.27,302.14
1555,2021-02-18,9:28:52,301.25,302.1
1556,2021-02-18,9:32:00,301.23,302.08
1557,2021-02-18,9:35:09,301.21,302.08
1558,2021-02-18,9:38:17,301.21,302.08
1559,2021-02-18,9:41:26,301.21,302.08
1560,2021-02-18,9:47:43,301.17,302.06
1561,2021-02-18,9:50:52,301.15,302.06
1562,2021-02-18,9:54:00,301.15,302.01
1563,2021-02-18,9:57:08,301.15,302.01
1564,2021-02-18,10:03:25,301.13,302.01
1565,2021-02-18,10:06:34,301.09,301.99
1566,2021-02-18,10:09:42,301.09,301.99
1567,2021-02-18,10:16:00,301.09,301.95
1568,2021-02-18,10:19:08,301.09,301.95
1569,2021-02-18,10:22:17,301.07,301.91
1570,2021-02-18,10:25:21,301.03,301.93
1571,2021-02-18,10:28:30,301.03,301.91
1572,2021-02-18,10:31:38,301.03,301.95
1573,2021-02-18,10:34:47,301.03,301.95
1574,2021-02-18,10:37:55,301,301.93
1575,2021-02-18,10:41:04,301,301.91
1576,2021-02-18,10:44:12,300.96,301.91
1577,2021-02-18,10:47:21,300.96,301.91
1578,2021-02-18,10:50:29,300.96,301.89
1579,2021-02-18,10:53:38,300.96,301.89
1580,2021-02-18,10:56:46,300.96,301.83
1581,2021-02-18,10:59:55,300.94,301.85
1582,2021-02-18,11:03:04,300.94,301.85
1583,2021-02-18,11:06:12,300.92,301.85
1584,2021-02-18,11:09:21,300.9,301.79
1585,2021-02-18,11:12:29,300.9,301.79
1586,2021-02-18,11:15:38,300.88,301.81
1587,2021-02-18,11:18:46,300.86,301.83
1588,2021-02-18,11:21:55,300.84,301.79
1589,2021-02-18,11:25:04,300.84,301.76
1590,2021-02-18,11:28:12,300.77,301.76
1591,2021-02-18,11:31:21,300.77,301.74
1592,2021-02-18,11:34:29,300.77,301.76
1593,2021-02-18,11:37:38,300.73,301.68
1594,2021-02-18,11:40:47,300.71,301.68
1595,2021-02-18,11:43:55,300.71,301.72
1596,2021-02-18,11:47:04,300.71,301.7
1597,2021-02-18,11:50:13,300.67,301.72
1598,2021-02-18,11:53:21,300.67,301.7
1599,2021-02-18,11:56:30,300.65,301.68
1600,2021-02-18,11:59:39,300.65,301.66
1601,2021-02-19,12:02:48,300.59,301.68
1602,2021-02-19,12:05:56,300.59,301.64
1603,2021-02-19,12:15:22,300.46,301.66
1604,2021-02-19,12:18:31,300.46,301.64
1605,2021-02-19,12:24:49,300.42,301.64
1606,2021-02-19,12:27:58,300.4,301.64
1607,2021-02-19,12:31:06,300.4,301.58
1608,2021-02-19,12:34:16,300.4,301.6
1609,2021-02-19,12:40:33,300.34,301.58
1610,2021-02-19,12:43:42,300.34,301.58
1611,2021-02-19,12:46:50,300.34,301.58
1612,2021-02-19,12:50:00,300.34,301.56
1613,2021-02-19,12:53:08,300.34,301.56
1614,2021-02-19,12:56:17,300.34,301.54
1615,2021-02-19,12:59:26,300.34,301.51
1616,2021-02-19,1:02:35,300.34,301.51
1617,2021-02-19,1:05:43,300.34,301.51
1618,2021-02-19,1:08:52,300.34,301.54
1619,2021-02-19,1:12:01,300.34,301.56
1620,2021-02-19,1:15:10,300.32,301.51
1621,2021-02-19,1:18:18,300.27,301.51
1622,2021-02-19,1:21:27,300.27,301.51
1623,2021-02-19,1:24:36,300.27,301.51
1624,2021-02-19,1:27:45,300.27,301.51
1625,2021-02-19,1:30:54,300.27,301.45
1626,2021-02-19,1:34:03,300.32,301.47
1627,2021-02-19,1:37:11,300.34,301.45
1628,2021-02-19,1:40:20,300.36,301.47
1629,2021-02-19,1:43:28,300.4,301.39
1630,2021-02-19,1:46:37,300.42,301.37
1631,2021-02-19,1:52:54,300.48,301.39
1632,2021-02-19,1:56:03,300.53,301.33
1633,2021-02-19,1:59:11,300.53,301.37
1634,2021-02-19,2:02:20,300.59,301.35
1635,2021-02-19,2:05:29,300.59,301.35
1636,2021-02-19,2:08:37,300.65,301.35
1637,2021-02-19,2:11:45,300.67,301.33
1638,2021-02-19,2:14:54,300.69,301.29
1639,2021-02-19,2:18:03,300.71,301.26
1640,2021-02-19,2:21:11,300.73,301.33
1641,2021-02-19,2:24:20,300.77,301.31
1642,2021-02-19,2:27:27,300.8,301.29
1643,2021-02-19,2:30:36,300.84,301.24
1644,2021-02-19,2:33:44,300.9,301.29
1645,2021-02-19,2:36:52,300.9,301.24
1646,2021-02-19,2:40:01,300.96,301.24
1647,2021-02-19,2:43:09,300.98,301.2
1648,2021-02-19,2:46:17,301.03,301.2
1649,2021-02-19,2:49:25,301.09,301.18
1650,2021-02-19,2:52:33,301.15,301.18
1651,2021-02-19,2:55:42,301.19,301.2
1652,2021-02-19,2:58:50,301.21,301.2
1653,2021-02-19,3:01:58,301.21,301.14
1654,2021-02-19,3:05:06,301.27,301.22
1655,2021-02-19,3:08:14,301.34,301.2
1656,2021-02-19,3:11:22,301.34,301.2
1657,2021-02-19,3:14:30,301.4,301.2
1658,2021-02-19,3:17:34,301.4,301.2
1659,2021-02-19,3:20:42,301.46,301.14
1660,2021-02-19,3:26:58,301.53,301.16
1661,2021-02-19,3:30:06,301.53,301.2
1662,2021-02-19,3:33:14,301.59,301.16
1663,2021-02-19,3:36:22,301.65,301.12
1664,2021-02-19,3:39:30,301.69,301.2
1665,2021-02-19,3:42:38,301.71,301.16
1666,2021-02-19,3:45:46,301.73,301.16
1667,2021-02-19,3:48:54,301.82,301.16
1668,2021-02-19,3:52:02,301.84,301.14
1669,2021-02-19,3:55:09,301.9,301.16
1670,2021-02-19,3:58:17,301.96,301.14
1671,2021-02-19,4:04:33,301.96,301.14
1672,2021-02-19,4:07:41,302.03,301.2
1673,2021-02-19,4:10:48,302.09,301.2
1674,2021-02-19,4:13:56,302.15,301.18
1675,2021-02-19,4:17:04,302.21,301.16
1676,2021-02-19,4:20:12,302.3,301.18
1677,2021-02-19,4:26:26,302.4,301.16
1678,2021-02-19,4:29:34,302.46,301.18
1679,2021-02-19,4:32:41,302.48,301.2
1680,2021-02-19,4:35:48,302.53,301.18
1681,2021-02-19,4:38:55,302.59,301.18
1682,2021-02-19,4:42:03,302.65,301.2
1683,2021-02-19,4:45:10,302.69,301.18
1684,2021-02-19,4:48:18,302.75,301.2
1685,2021-02-19,4:51:25,302.8,301.22
1686,2021-02-19,4:54:32,302.86,301.24
1687,2021-02-19,4:57:40,302.9,301.22
1688,2021-02-19,5:00:47,302.96,301.22
1689,2021-02-19,5:03:55,302.96,301.26
1690,2021-02-19,5:07:02,303.03,301.2
1691,2021-02-19,5:10:05,303.05,301.26
1692,2021-02-19,5:16:20,303.09,301.26
1693,2021-02-19,5:22:35,303.09,301.26
1694,2021-02-19,5:25:43,303.15,301.31
1695,2021-02-19,5:28:50,303.15,301.33
1696,2021-02-19,5:31:57,303.21,301.31
1697,2021-02-19,5:35:05,303.25,301.33
1698,2021-02-19,5:38:12,303.27,301.33
1699,2021-02-19,5:41:20,303.34,301.35
1700,2021-02-19,5:44:27,303.36,301.37
1701,2021-02-19,5:47:34,303.44,301.39
1702,2021-02-19,5:50:41,303.42,301.39
1703,2021-02-19,5:53:49,303.36,301.37
1704,2021-02-19,5:56:56,303.38,301.43
1705,2021-02-19,6:00:05,303.44,301.39
1706,2021-02-19,6:03:11,303.44,301.41
1707,2021-02-19,6:06:18,303.53,301.43
1708,2021-02-19,6:09:25,303.57,301.47
1709,2021-02-19,6:12:32,303.59,301.45
1710,2021-02-19,6:15:39,303.59,301.47
1711,2021-02-19,6:18:46,303.63,301.49
1712,2021-02-19,6:21:53,303.61,301.49
1713,2021-02-19,6:25:00,303.59,301.49
1714,2021-02-19,6:28:07,303.61,301.51
1715,2021-02-19,6:31:14,303.63,301.51
1716,2021-02-19,6:34:21,303.67,301.51
1717,2021-02-19,6:37:29,303.67,301.51
1718,2021-02-19,6:40:36,303.67,301.54
1719,2021-02-19,6:43:43,303.67,301.54
1720,2021-02-19,6:46:50,303.71,301.56
1721,2021-02-19,6:49:58,303.75,301.58
1722,2021-02-19,6:53:05,303.77,301.58
1723,2021-02-19,6:56:12,303.84,301.62
1724,2021-02-19,6:59:19,303.84,301.6
1725,2021-02-19,7:02:26,303.84,301.6
1726,2021-02-19,7:05:33,303.92,301.62
1727,2021-02-19,7:08:41,303.98,301.62
1728,2021-02-19,7:14:51,304.13,301.64
1729,2021-02-19,7:17:58,304.25,301.62
1730,2021-02-19,7:21:05,304.15,301.64
1731,2021-02-19,7:24:12,304.07,301.68
1732,2021-02-19,7:27:19,304.03,301.68
1733,2021-02-19,7:30:27,304.07,301.66
1734,2021-02-19,7:33:34,304.03,301.68
1735,2021-02-19,7:36:41,304.03,301.66
1736,2021-02-19,7:39:48,304.03,301.68
1737,2021-02-19,7:42:55,304.05,301.64
1738,2021-02-19,7:46:02,304.05,301.66
1739,2021-02-19,7:49:10,304.03,301.66
1740,2021-02-19,7:52:17,304.09,301.66
1741,2021-02-19,7:55:24,304.09,301.66
1742,2021-02-19,8:04:46,304.13,301.7
1743,2021-02-19,8:07:53,304.13,301.66
1744,2021-02-19,8:11:00,304.15,301.7
1745,2021-02-19,8:14:08,304.15,301.7
1746,2021-02-19,8:17:15,304.15,301.7
1747,2021-02-19,8:20:22,304.15,301.64
1748,2021-02-19,8:23:29,304.15,301.74
1749,2021-02-19,8:26:36,304.19,301.74
1750,2021-02-19,8:29:44,304.21,301.72
1751,2021-02-19,8:35:58,304.21,301.72
1752,2021-02-19,8:48:27,304.21,301.72
1753,2021-02-19,8:51:34,304.25,301.72
1754,2021-02-19,8:54:42,304.27,301.74
1755,2021-02-19,8:57:49,304.25,301.74
1756,2021-02-19,9:01:02,304.25,301.72
1757,2021-02-19,9:07:10,304.32,301.76
1758,2021-02-19,9:13:25,304.34,301.79
1759,2021-02-19,9:16:32,304.34,301.81
1760,2021-02-19,9:19:39,304.36,301.83
1761,2021-02-19,9:22:46,304.4,301.83
1762,2021-02-19,9:25:54,304.42,301.81
1763,2021-02-19,9:29:01,304.42,301.81
1764,2021-02-19,9:32:08,304.4,301.85
1765,2021-02-19,9:35:15,304.46,301.85
1766,2021-02-19,9:38:22,304.53,301.83
1767,2021-02-19,9:41:29,304.53,301.83
1768,2021-02-19,9:44:37,304.53,301.87
1769,2021-02-19,9:47:44,304.57,301.87
1770,2021-02-19,9:50:51,304.59,301.83
1771,2021-02-19,9:57:05,304.69,301.89
1772,2021-02-19,10:00:13,304.65,301.91
1773,2021-02-19,10:03:20,304.63,301.87
1774,2021-02-19,10:06:27,304.71,301.87
1775,2021-02-19,10:09:34,304.69,301.89
1776,2021-02-19,10:15:48,304.71,301.93
1777,2021-02-19,10:22:02,304.77,301.95
1778,2021-02-19,10:25:10,304.73,301.97
1779,2021-02-19,10:28:17,304.77,301.99
1780,2021-02-19,10:31:24,304.9,301.99
1781,2021-02-19,10:34:33,304.96,301.97
1782,2021-02-19,10:37:38,305.32,301.95
1783,2021-02-19,10:40:45,305.48,301.99
1784,2021-02-19,10:43:51,305.71,302.01
1785,2021-02-19,10:46:58,305.84,301.99
1786,2021-02-19,10:50:04,306.03,302.01
1787,2021-02-19,10:53:11,306.03,302.04
1788,2021-02-19,10:56:17,306.25,302.06
1789,2021-02-19,10:59:23,306.46,302.01
1790,2021-02-19,11:05:35,306.73,302.08
1791,2021-02-19,11:08:41,306.8,302.08
1792,2021-02-19,11:11:47,306.84,302.06
1793,2021-02-19,11:14:53,306.9,302.1
1794,2021-02-19,11:17:59,307.09,302.1
1795,2021-02-19,11:21:04,307.25,302.12
1796,2021-02-19,11:24:10,307.4,302.1
1797,2021-02-19,11:27:16,307.59,302.12
1798,2021-02-19,11:30:22,307.63,302.14
1799,2021-02-19,11:33:28,307.65,302.16
1800,2021-02-19,11:39:39,307.96,302.18
1801,2021-02-19,11:42:46,308.03,302.18
1802,2021-02-19,11:45:52,308.03,302.18
1803,2021-02-19,11:48:58,308,302.2
1804,2021-02-19,11:52:04,307.98,302.2
1805,2021-02-19,11:55:11,307.92,302.2
1806,2021-02-19,11:58:17,307.9,302.2
1807,2021-02-19,12:04:30,307.65,302.26
1808,2021-02-19,12:07:37,307.53,302.26
1809,2021-02-19,12:10:44,307.4,302.29
1810,2021-02-19,12:13:51,307.27,302.26
1811,2021-02-19,12:16:58,307.15,302.31
1812,2021-02-19,12:20:06,307.07,302.33
1813,2021-02-19,12:23:13,306.9,302.31
1814,2021-02-19,12:26:20,306.77,302.26
1815,2021-02-19,12:29:28,306.67,302.26
1816,2021-02-19,12:35:42,306.46,302.33
1817,2021-02-19,12:38:50,306.34,302.33
1818,2021-02-19,12:45:05,306.15,302.39
1819,2021-02-19,12:48:13,306.05,302.39
1820,2021-02-19,12:51:20,305.96,302.41
1821,2021-02-19,12:54:28,305.84,302.43
1822,2021-02-19,12:57:35,305.77,302.41
1823,2021-02-19,1:00:43,305.71,302.41
1824,2021-02-19,1:03:51,305.59,302.45
1825,2021-02-19,1:06:58,305.53,302.45
1826,2021-02-19,1:10:06,305.46,302.47
1827,2021-02-19,1:13:14,305.4,302.49
1828,2021-02-19,1:16:21,305.27,302.45
1829,2021-02-19,1:19:29,305.25,302.45
1830,2021-02-19,1:25:45,305.11,302.49
1831,2021-02-19,1:28:52,305.03,302.51
1832,2021-02-19,1:35:08,304.92,302.49
1833,2021-02-19,1:38:16,304.84,302.51
1834,2021-02-19,1:44:31,304.77,302.58
1835,2021-02-19,1:47:39,304.71,302.51
1836,2021-02-19,1:50:47,304.65,302.56
1837,2021-02-19,1:53:55,304.59,302.54
1838,2021-02-19,1:57:03,304.55,302.64
1839,2021-02-19,2:00:11,304.53,302.58
1840,2021-02-19,2:03:19,304.46,302.6
1841,2021-02-19,2:06:26,304.4,302.6
1842,2021-02-19,2:09:35,304.34,302.64
1843,2021-02-19,2:12:42,304.32,302.62
1844,2021-02-19,2:15:50,304.25,302.62
1845,2021-02-19,2:18:58,304.21,302.64
1846,2021-02-19,2:22:06,304.15,302.68
1847,2021-02-19,2:25:14,304.15,302.7
1848,2021-02-19,2:28:22,304.09,302.66
1849,2021-02-19,2:31:30,304.07,302.64
1850,2021-02-19,2:34:38,304.03,302.62
1851,2021-02-19,2:37:46,303.96,302.7
1852,2021-02-19,2:40:54,303.96,302.66
1853,2021-02-19,2:44:02,303.9,302.7
1854,2021-02-19,2:47:10,303.88,302.66
1855,2021-02-19,2:50:18,303.84,302.68
1856,2021-02-19,2:53:26,303.8,302.68
1857,2021-02-19,2:56:34,303.77,302.7
1858,2021-02-19,3:02:50,303.71,302.7
1859,2021-02-19,3:05:58,303.69,302.7
1860,2021-02-19,3:09:06,303.65,302.7
1861,2021-02-19,3:12:14,303.63,302.7
1862,2021-02-19,3:15:22,303.59,302.72
1863,2021-02-19,3:18:30,303.59,302.7
1864,2021-02-19,3:21:38,303.53,302.72
1865,2021-02-19,3:24:46,303.53,302.72
1866,2021-02-19,3:27:54,303.46,302.7
1867,2021-02-19,3:34:10,303.44,302.72
1868,2021-02-19,3:37:18,303.4,302.72
1869,2021-02-19,3:40:26,303.4,302.72
1870,2021-02-19,3:43:34,303.34,302.74
1871,2021-02-19,3:46:42,303.34,302.74
1872,2021-02-19,3:49:50,303.34,302.74
1873,2021-02-19,3:52:58,303.3,302.74
1874,2021-02-19,3:56:06,303.27,302.76
1875,2021-02-19,3:59:14,303.27,302.76
1876,2021-02-19,4:05:30,303.21,302.76
1877,2021-02-19,4:08:38,303.21,302.79
1878,2021-02-19,4:11:47,303.17,302.79
1879,2021-02-19,4:14:54,303.15,302.79
1880,2021-02-19,4:18:03,303.13,302.76
1881,2021-02-19,4:21:11,303.09,302.76
1882,2021-02-19,4:24:19,303.09,302.76
1883,2021-02-19,4:27:27,303.09,302.81
1884,2021-02-19,4:30:35,303.07,302.81
1885,2021-02-19,4:33:43,303.03,302.76
1886,2021-02-19,4:36:51,303,302.81
1887,2021-02-19,4:39:59,302.96,302.83
1888,2021-02-19,4:43:07,302.96,302.83
1889,2021-02-19,4:46:15,302.96,302.81
1890,2021-02-19,4:49:24,302.94,302.81
1891,2021-02-19,4:52:28,302.9,302.83
1892,2021-02-19,4:58:44,302.88,302.76
1893,2021-02-19,5:01:52,302.84,302.79
1894,2021-02-19,5:05:00,302.84,302.76
1895,2021-02-19,5:08:08,302.84,302.79
1896,2021-02-19,5:14:25,302.77,302.76
1897,2021-02-19,5:17:33,302.77,302.81
1898,2021-02-19,5:20:41,302.75,302.74
1899,2021-02-19,5:26:57,302.71,302.79
1900,2021-02-19,5:33:13,302.69,302.81
1901,2021-02-19,5:36:22,302.65,302.76
1902,2021-02-19,5:39:30,302.65,302.76
1903,2021-02-19,5:42:38,302.65,302.81
1904,2021-02-19,5:45:46,302.61,302.76
1905,2021-02-19,5:48:54,302.59,302.76
1906,2021-02-19,5:52:03,302.59,302.76
1907,2021-02-19,5:55:11,302.59,302.76
1908,2021-02-19,5:58:19,302.57,302.74
1909,2021-02-19,6:04:35,302.53,302.72
1910,2021-02-19,6:07:43,302.53,302.72
1911,2021-02-19,6:10:51,302.5,302.76
1912,2021-02-19,6:14:00,302.46,302.76
1913,2021-02-19,6:17:08,302.46,302.72
1914,2021-02-19,6:20:16,302.46,302.72
1915,2021-02-19,6:23:24,302.44,302.74
1916,2021-02-19,6:26:33,302.44,302.74
1917,2021-02-19,6:32:49,302.4,302.68
1918,2021-02-19,6:35:57,302.38,302.7
1919,2021-02-19,6:39:05,302.34,302.72
1920,2021-02-19,6:45:22,302.34,302.7
1921,2021-02-19,6:48:30,302.32,302.7
1922,2021-02-19,6:51:38,302.3,302.7
1923,2021-02-19,6:54:46,302.27,302.68
1924,2021-02-19,6:57:54,302.27,302.64
1925,2021-02-19,7:04:11,302.25,302.62
1926,2021-02-19,7:07:19,302.21,302.66
1927,2021-02-19,7:10:28,302.21,302.64
1928,2021-02-19,7:13:36,302.21,302.68
1929,2021-02-19,7:16:44,302.19,302.66
1930,2021-02-19,7:19:52,302.15,302.64
1931,2021-02-19,7:23:01,302.15,302.66
1932,2021-02-19,7:29:17,302.13,302.62
1933,2021-02-19,7:32:25,302.13,302.62
1934,2021-02-19,7:35:34,302.09,302.6
1935,2021-02-19,7:38:42,302.09,302.58
1936,2021-02-19,7:41:50,302.09,302.58
1937,2021-02-19,7:44:58,302.09,302.58
1938,2021-02-19,7:48:07,302.07,302.58
1939,2021-02-19,7:51:15,302.05,302.56
1940,2021-02-19,7:54:23,302.07,302.56
1941,2021-02-19,7:57:32,302.05,302.51
1942,2021-02-19,8:00:40,302.03,302.51
1943,2021-02-19,8:03:48,302.03,302.56
1944,2021-02-19,8:06:56,302,302.54
1945,2021-02-19,8:10:04,301.98,302.56
1946,2021-02-19,8:13:13,301.96,302.58
1947,2021-02-19,8:16:21,301.96,302.51
1948,2021-02-19,8:19:29,301.94,302.51
1949,2021-02-19,8:22:38,301.92,302.51
1950,2021-02-19,8:25:46,301.9,302.51
1951,2021-02-19,8:28:54,301.9,302.51
1952,2021-02-19,8:32:03,301.88,302.51
1953,2021-02-19,8:35:11,301.88,302.51
1954,2021-02-19,8:38:19,301.86,302.51
1955,2021-02-19,8:41:27,301.84,302.49
1956,2021-02-19,8:44:36,301.84,302.45
1957,2021-02-19,8:47:44,301.84,302.43
1958,2021-02-19,8:50:52,301.84,302.45
1959,2021-02-19,8:57:09,301.82,302.45
1960,2021-02-19,9:00:17,301.8,302.43
1961,2021-02-19,9:06:34,301.77,302.41
1962,2021-02-19,9:09:42,301.77,302.41
1963,2021-02-19,9:12:51,301.77,302.43
1964,2021-02-19,9:15:59,301.77,302.43
1965,2021-02-19,9:19:07,301.75,302.37
1966,2021-02-19,9:22:16,301.71,302.41
1967,2021-02-19,9:25:24,301.71,302.37
1968,2021-02-19,9:28:32,301.71,302.39
1969,2021-02-19,9:31:41,301.71,302.39
1970,2021-02-19,9:34:49,301.71,302.39
1971,2021-02-19,9:41:06,301.65,302.33
1972,2021-02-19,9:44:14,301.65,302.33
1973,2021-02-19,9:47:22,301.65,302.31
1974,2021-02-19,9:50:31,301.65,302.31
1975,2021-02-19,9:53:39,301.65,302.35
1976,2021-02-19,9:56:47,301.63,302.33
1977,2021-02-19,9:59:56,301.61,302.31
1978,2021-02-19,10:06:12,301.59,302.29
1979,2021-02-19,10:12:29,301.59,302.26
1980,2021-02-19,10:15:38,301.59,302.26
1981,2021-02-19,10:18:46,301.59,302.24
1982,2021-02-19,10:28:11,301.53,302.26
1983,2021-02-19,10:31:19,301.53,302.22
1984,2021-02-19,10:34:28,301.53,302.2
1985,2021-02-19,10:37:36,301.53,302.24
1986,2021-02-19,10:40:44,301.5,302.2
1987,2021-02-19,10:43:53,301.48,302.2
1988,2021-02-19,10:47:01,301.46,302.18
1989,2021-02-19,10:50:10,301.46,302.2
1990,2021-02-19,10:53:18,301.46,302.14
1991,2021-02-19,10:56:26,301.46,302.16
1992,2021-02-19,11:05:52,301.42,302.12
1993,2021-02-19,11:15:17,301.4,302.12
1994,2021-02-19,11:18:25,301.4,302.14
1995,2021-02-19,11:21:34,301.38,302.08
1996,2021-02-19,11:24:42,301.36,302.12
1997,2021-02-19,11:27:51,301.36,302.08
1998,2021-02-19,11:30:59,301.34,302.1
1999,2021-02-19,11:34:07,301.34,302.06
2000,2021-02-19,11:37:16,301.34,302.08
2001,2021-02-19,11:40:24,301.34,302.08
2002,2021-02-19,11:43:32,301.32,302.04
2003,2021-02-19,11:46:41,301.3,302.08
2004,2021-02-19,11:49:49,301.27,302.04
2005,2021-02-19,11:52:58,301.27,302.06
2006,2021-02-19,11:56:06,301.27,302.01
2007,2021-02-19,11:59:15,301.27,302.01
